記錄時間,受試者ID,AssignedCondition,ActualCondition,GameVersion,CaseID,TaskID,ConceptTag,EventType,AttemptNo,EventValue,IsCorrect,TaskStartTime,TaskElapsedTime,ResponseTime,AIUsedBeforeCurrentPoint,AIUseCountBeforeCurrentPoint,FeedbackShownBeforeCurrentPoint,FeedbackLevelShown,FeedbackShownCount,FirstAnswer,FirstAttemptCorrect,TotalAttempts,FinalAnswer,FinalCorrect,FirstResponseTime,TimeToCorrect,AIUsed,AIUseCount,FeedbackShown,TotalFeedbackShownCount
2026-09-18 23:21:32.036,P001,LowInfo_NoAI,LowInfo_NoAI,1.0,C1,C1_IDLE,IdleAsset,TASK_START,0,,,2026-09-18 23:21:32.036,0.000,0.000,0,0,0,,0,,,0,,,,,0,0,0,0
2026-09-18 23:21:34.455,P001,LowInfo_NoAI,LowInfo_NoAI,1.0,C1,C1_IDLE,IdleAsset,ANSWER,1,DriverSeat,0,2026-09-18 23:21:32.036,2.419,2.419,0,0,0,,0,DriverSeat,0,1,DriverSeat,0,2.419,,0,0,0,0
2026-09-18 23:21:34.464,P001,LowInfo_NoAI,LowInfo_NoAI,1.0,C1,C1_IDLE,IdleAsset,FEEDBACK,1,C1_IDLE_WRONG_DRIVER,,2026-09-18 23:21:32.036,2.420,0.000,0,0,1,Low,1,DriverSeat,0,1,DriverSeat,0,2.419,,0,0,1,1
2026-09-18 23:21:36.129,P001,LowInfo_NoAI,LowInfo_NoAI,1.0,C1,C1_IDLE,IdleAsset,ANSWER,2,TrunkRemainingSpace,1,2026-09-18 23:21:32.036,4.093,1.674,0,0,1,Low,1,DriverSeat,0,2,TrunkRemainingSpace,1,2.419,4.093,0,0,1,1
2026-09-18 23:21:36.138,P001,LowInfo_NoAI,LowInfo_NoAI,1.0,C1,C1_IDLE,IdleAsset,FEEDBACK,2,C1_IDLE_CORRECT,,2026-09-18 23:21:32.036,4.094,0.000,0,0,1,Low,2,DriverSeat,0,2,TrunkRemainingSpace,1,2.419,4.093,0,0,1,2
2026-09-18 23:21:36.148,P001,LowInfo_NoAI,LowInfo_NoAI,1.0,C1,C1_IDLE,IdleAsset,TASK_COMPLETE,2,,,2026-09-18 23:21:32.036,4.103,0.000,0,0,1,Low,2,DriverSeat,0,2,TrunkRemainingSpace,1,2.419,4.093,0,0,1,2
2026-09-18 23:21:39.568,P001,LowInfo_NoAI,LowInfo_NoAI,1.0,C1,C1_MATCH,PlatformMatching,TASK_START,0,,,2026-09-18 23:21:39.568,0.000,0.000,0,0,0,,0,,,0,,,,,0,0,0,0
2026-09-18 23:21:42.878,P001,LowInfo_NoAI,LowInfo_NoAI,1.0,C1,C1_MATCH,PlatformMatching,ANSWER,1,Search>Supply>Match>Confirm,0,2026-09-18 23:21:39.568,3.310,3.310,0,0,0,,0,Search>Supply>Match>Confirm,0,1,Search>Supply>Match>Confirm,0,3.310,,0,0,0,0
2026-09-18 23:21:42.884,P001,LowInfo_NoAI,LowInfo_NoAI,1.0,C1,C1_MATCH,PlatformMatching,FEEDBACK,1,C1_MATCH_WRONG,,2026-09-18 23:21:39.568,3.311,0.000,0,0,1,Low,1,Search>Supply>Match>Confirm,0,1,Search>Supply>Match>Confirm,0,3.310,,0,0,1,1
2026-09-18 23:21:48.170,P001,LowInfo_NoAI,LowInfo_NoAI,1.0,C1,C1_MATCH,PlatformMatching,ANSWER,2,Supply>Search>Match>Confirm,1,2026-09-18 23:21:39.568,8.602,5.292,0,0,1,Low,1,Search>Supply>Match>Confirm,0,2,Supply>Search>Match>Confirm,1,3.310,8.602,0,0,1,1
2026-09-18 23:21:48.179,P001,LowInfo_NoAI,LowInfo_NoAI,1.0,C1,C1_MATCH,PlatformMatching,FEEDBACK,2,C1_MATCH_CORRECT,,2026-09-18 23:21:39.568,8.603,0.000,0,0,1,Low,2,Search>Supply>Match>Confirm,0,2,Supply>Search>Match>Confirm,1,3.310,8.602,0,0,1,2
2026-09-18 23:21:48.185,P001,LowInfo_NoAI,LowInfo_NoAI,1.0,C1,C1_MATCH,PlatformMatching,TASK_COMPLETE,2,,,2026-09-18 23:21:39.568,8.611,0.000,0,0,1,Low,2,Search>Supply>Match>Confirm,0,2,Supply>Search>Match>Confirm,1,3.310,8.602,0,0,1,2
2026-09-18 23:21:49.019,P001,LowInfo_NoAI,LowInfo_NoAI,1.0,C1,C1_SCARCITY,SupplyDemand,TASK_START,0,,,2026-09-18 23:21:49.018,0.000,0.000,0,0,0,,0,,,0,,,,,0,0,0,0
2026-09-18 23:21:50.800,P001,LowInfo_NoAI,LowInfo_NoAI,1.0,C1,C1_SCARCITY,SupplyDemand,ANSWER,1,B,1,2026-09-18 23:21:49.018,1.780,1.780,0,0,0,,0,B,1,1,B,1,1.780,1.780,0,0,0,0
2026-09-18 23:21:50.808,P001,LowInfo_NoAI,LowInfo_NoAI,1.0,C1,C1_SCARCITY,SupplyDemand,FEEDBACK,1,C1_SCARCITY_CORRECT,,2026-09-18 23:21:49.018,1.781,0.000,0,0,1,Low,1,B,1,1,B,1,1.780,1.780,0,0,1,1
2026-09-18 23:21:50.817,P001,LowInfo_NoAI,LowInfo_NoAI,1.0,C1,C1_SCARCITY,SupplyDemand,TASK_COMPLETE,1,,,2026-09-18 23:21:49.018,1.789,0.000,0,0,1,Low,1,B,1,1,B,1,1.780,1.780,0,0,1,1
2026-09-18 23:22:29.471,P001,LowInfo_NoAI,LowInfo_NoAI,1.0,C2,C2_RIGHT_1,UsageRightOwnership,TASK_START,0,,,2026-09-18 23:22:29.470,0.000,0.000,0,0,0,,0,,,0,,,,,0,0,0,0
2026-09-18 23:22:30.375,P001,LowInfo_NoAI,LowInfo_NoAI,1.0,C2,C2_RIGHT_1,UsageRightOwnership,ANSWER,1,Ownership,1,2026-09-18 23:22:29.470,0.904,0.904,0,0,0,,0,Ownership,1,1,Ownership,1,0.904,0.904,0,0,0,0
2026-09-18 23:22:30.384,P001,LowInfo_NoAI,LowInfo_NoAI,1.0,C2,C2_RIGHT_1,UsageRightOwnership,TASK_COMPLETE,1,,,2026-09-18 23:22:29.470,0.909,0.000,0,0,0,,0,Ownership,1,1,Ownership,1,0.904,0.904,0,0,0,0
2026-09-18 23:22:30.391,P001,LowInfo_NoAI,LowInfo_NoAI,1.0,C2,C2_RIGHT_2,UsageRightOwnership,TASK_START,0,,,2026-09-18 23:22:30.384,0.000,0.000,0,0,0,,0,,,0,,,,,0,0,0,0
2026-09-18 23:22:30.893,P001,LowInfo_NoAI,LowInfo_NoAI,1.0,C2,C2_RIGHT_2,UsageRightOwnership,ANSWER,1,UsageRight,1,2026-09-18 23:22:30.384,0.507,0.507,0,0,0,,0,UsageRight,1,1,UsageRight,1,0.507,0.507,0,0,0,0
2026-09-18 23:22:30.902,P001,LowInfo_NoAI,LowInfo_NoAI,1.0,C2,C2_RIGHT_2,UsageRightOwnership,TASK_COMPLETE,1,,,2026-09-18 23:22:30.384,0.508,0.000,0,0,0,,0,UsageRight,1,1,UsageRight,1,0.507,0.507,0,0,0,0
2026-09-18 23:22:30.910,P001,LowInfo_NoAI,LowInfo_NoAI,1.0,C2,C2_RIGHT_3,UsageRightOwnership,TASK_START,0,,,2026-09-18 23:22:30.902,0.000,0.000,0,0,0,,0,,,0,,,,,0,0,0,0
2026-09-18 23:22:31.633,P001,LowInfo_NoAI,LowInfo_NoAI,1.0,C2,C2_RIGHT_3,UsageRightOwnership,ANSWER,1,UsageRight,1,2026-09-18 23:22:30.902,0.731,0.731,0,0,0,,0,UsageRight,1,1,UsageRight,1,0.731,0.731,0,0,0,0
2026-09-18 23:22:31.642,P001,LowInfo_NoAI,LowInfo_NoAI,1.0,C2,C2_RIGHT_3,UsageRightOwnership,TASK_COMPLETE,1,,,2026-09-18 23:22:30.902,0.732,0.000,0,0,0,,0,UsageRight,1,1,UsageRight,1,0.731,0.731,0,0,0,0
2026-09-18 23:22:31.649,P001,LowInfo_NoAI,LowInfo_NoAI,1.0,C2,C2_RIGHT_4,UsageRightOwnership,TASK_START,0,,,2026-09-18 23:22:31.642,0.000,0.000,0,0,0,,0,,,0,,,,,0,0,0,0
2026-09-18 23:22:32.029,P001,LowInfo_NoAI,LowInfo_NoAI,1.0,C2,C2_RIGHT_4,UsageRightOwnership,ANSWER,1,UsageRight,1,2026-09-18 23:22:31.642,0.387,0.387,0,0,0,,0,UsageRight,1,1,UsageRight,1,0.387,0.387,0,0,0,0
2026-09-18 23:22:32.037,P001,LowInfo_NoAI,LowInfo_NoAI,1.0,C2,C2_RIGHT_4,UsageRightOwnership,FEEDBACK,1,C2_RIGHT_4_CORRECT_SUMMARY,,2026-09-18 23:22:31.642,0.388,0.000,0,0,1,Low,1,UsageRight,1,1,UsageRight,1,0.387,0.387,0,0,1,1
2026-09-18 23:22:32.047,P001,LowInfo_NoAI,LowInfo_NoAI,1.0,C2,C2_RIGHT_4,UsageRightOwnership,TASK_COMPLETE,1,,,2026-09-18 23:22:31.642,0.396,0.000,0,0,1,Low,1,UsageRight,1,1,UsageRight,1,0.387,0.387,0,0,1,1
2026-09-18 23:22:46.804,P001,LowInfo_NoAI,LowInfo_NoAI,1.0,C2,C2_IDLE_VALUE,IdleAsset,TASK_START,0,,,2026-09-18 23:22:46.803,0.000,0.000,0,0,0,,0,,,0,,,,,0,0,0,0
2026-09-18 23:22:49.028,P001,LowInfo_NoAI,LowInfo_NoAI,1.0,C2,C2_IDLE_VALUE,IdleAsset,ANSWER,1,B,0,2026-09-18 23:22:46.803,2.224,2.224,0,0,0,,0,B,0,1,B,0,2.224,,0,0,0,0
2026-09-18 23:22:49.037,P001,LowInfo_NoAI,LowInfo_NoAI,1.0,C2,C2_IDLE_VALUE,IdleAsset,FEEDBACK,1,C2_IDLE_VALUE_WRONG,,2026-09-18 23:22:46.803,2.227,0.000,0,0,1,Low,1,B,0,1,B,0,2.224,,0,0,1,1
2026-09-18 23:22:49.887,P001,LowInfo_NoAI,LowInfo_NoAI,1.0,C2,C2_IDLE_VALUE,IdleAsset,ANSWER,2,C,1,2026-09-18 23:22:46.803,3.082,0.858,0,0,1,Low,1,B,0,2,C,1,2.224,3.082,0,0,1,1
2026-09-18 23:22:49.895,P001,LowInfo_NoAI,LowInfo_NoAI,1.0,C2,C2_IDLE_VALUE,IdleAsset,FEEDBACK,2,C2_IDLE_VALUE_CORRECT,,2026-09-18 23:22:46.803,3.088,0.000,0,0,1,Low,2,B,0,2,C,1,2.224,3.082,0,0,1,2
2026-09-18 23:22:49.902,P001,LowInfo_NoAI,LowInfo_NoAI,1.0,C2,C2_IDLE_VALUE,IdleAsset,TASK_COMPLETE,2,,,2026-09-18 23:22:46.803,3.092,0.000,0,0,1,Low,2,B,0,2,C,1,2.224,3.082,0,0,1,2
2026-09-18 23:22:58.301,P001,LowInfo_NoAI,LowInfo_NoAI,1.0,C2,C2_REUSE_ORDER,ResourceReuse,TASK_START,0,,,2026-09-18 23:22:58.301,0.000,0.000,0,0,0,,0,,,0,,,,,0,0,0,0
2026-09-18 23:23:01.926,P001,LowInfo_NoAI,LowInfo_NoAI,1.0,C2,C2_REUSE_ORDER,ResourceReuse,ANSWER,1,0>1>2>3,1,2026-09-18 23:22:58.301,3.625,3.625,0,0,0,,0,0>1>2>3,1,1,0>1>2>3,1,3.625,3.625,0,0,0,0
2026-09-18 23:23:02.327,P001,LowInfo_NoAI,LowInfo_NoAI,1.0,C2,C2_REUSE_ORDER,ResourceReuse,FEEDBACK,1,C2_REUSE_ORDER_CORRECT,,2026-09-18 23:22:58.301,4.026,0.000,0,0,1,Low,1,0>1>2>3,1,1,0>1>2>3,1,3.625,3.625,0,0,1,1
2026-09-18 23:23:02.336,P001,LowInfo_NoAI,LowInfo_NoAI,1.0,C2,C2_REUSE_ORDER,ResourceReuse,TASK_COMPLETE,1,,,2026-09-18 23:22:58.301,4.028,0.000,0,0,1,Low,1,0>1>2>3,1,1,0>1>2>3,1,3.625,3.625,0,0,1,1
2026-09-18 23:23:04.103,P001,LowInfo_NoAI,LowInfo_NoAI,1.0,C2,C2_REUSE_CASE,ResourceReuse,TASK_START,0,,,2026-09-18 23:23:04.102,0.000,0.000,0,0,0,,0,,,0,,,,,0,0,0,0
2026-09-18 23:23:07.037,P001,LowInfo_NoAI,LowInfo_NoAI,1.0,C2,C2_REUSE_CASE,ResourceReuse,ANSWER,1,B,1,2026-09-18 23:23:04.102,2.934,2.934,0,0,0,,0,B,1,1,B,1,2.934,2.934,0,0,0,0
2026-09-18 23:23:07.045,P001,LowInfo_NoAI,LowInfo_NoAI,1.0,C2,C2_REUSE_CASE,ResourceReuse,FEEDBACK,1,C2_REUSE_CASE_CORRECT,,2026-09-18 23:23:04.102,2.936,0.000,0,0,1,Low,1,B,1,1,B,1,2.934,2.934,0,0,1,1
2026-09-18 23:23:07.053,P001,LowInfo_NoAI,LowInfo_NoAI,1.0,C2,C2_REUSE_CASE,ResourceReuse,TASK_COMPLETE,1,,,2026-09-18 23:23:04.102,2.943,0.000,0,0,1,Low,1,B,1,1,B,1,2.934,2.934,0,0,1,1
2026-09-18 23:23:13.742,P001,LowInfo_NoAI,LowInfo_NoAI,1.0,C2,C2_DETECTOR,SharingBoundary,TASK_START,0,,,2026-09-18 23:23:13.741,0.000,0.000,0,0,0,,0,,,0,,,,,0,0,0,0
2026-09-18 23:23:22.412,P001,LowInfo_NoAI,LowInfo_NoAI,1.0,C2,C2_DETECTOR,SharingBoundary,ANSWER,1,B,1,2026-09-18 23:23:13.741,8.670,8.670,0,0,0,,0,B,1,1,B,1,8.670,8.670,0,0,0,0
2026-09-18 23:23:23.414,P001,LowInfo_NoAI,LowInfo_NoAI,1.0,C2,C2_DETECTOR,SharingBoundary,FEEDBACK,1,C2_DETECTOR_CASE_CORRECT,,2026-09-18 23:23:13.741,9.672,0.000,0,0,1,Low,1,B,1,1,B,1,8.670,8.670,0,0,1,1
2026-09-18 23:23:23.874,P001,LowInfo_NoAI,LowInfo_NoAI,1.0,C2,C2_DETECTOR,SharingBoundary,TASK_COMPLETE,1,,,2026-09-18 23:23:13.741,10.131,0.000,0,0,1,Low,1,B,1,1,B,1,8.670,8.670,0,0,1,1
2026-09-18 23:23:23.881,P001,LowInfo_NoAI,LowInfo_NoAI,1.0,C2,C2_REFLECTION,Reflection,TASK_START,0,,,2026-09-18 23:23:23.874,0.000,0.000,0,0,0,,0,,,0,,,,,0,0,0,0
2026-09-18 23:24:15.407,P001,LowInfo_NoAI,LowInfo_NoAI,1.0,C2,C2_REFLECTION,Reflection,FEEDBACK,0,C2_REFLECTION_FEEDBACK,,2026-09-18 23:23:23.874,51.532,0.000,0,0,1,Low,1,,,0,,,,,0,0,1,1
2026-09-18 23:24:15.418,P001,LowInfo_NoAI,LowInfo_NoAI,1.0,C2,C2_REFLECTION,Reflection,REFLECTION_SUBMIT,0,C2_REFLECTION,,2026-09-18 23:23:23.874,51.535,0.000,0,0,1,Low,1,,,0,,,,,0,0,1,1
2026-09-18 23:24:15.426,P001,LowInfo_NoAI,LowInfo_NoAI,1.0,C2,C2_REFLECTION,Reflection,TASK_COMPLETE,0,,,2026-09-18 23:23:23.874,51.544,0.000,0,0,1,Low,1,,,0,,,,,0,0,1,1
2026-09-18 23:24:25.167,P001,LowInfo_NoAI,LowInfo_NoAI,1.0,C2,C2_SCALE,GameplayDecision,TASK_START,0,,,2026-09-18 23:24:25.167,0.000,0.000,0,0,0,,0,,,0,,,,,0,0,0,0
2026-09-18 23:24:32.557,P001,LowInfo_NoAI,LowInfo_NoAI,1.0,C2,C2_SCALE,GameplayDecision,ANSWER,1,PLAN_C,1,2026-09-18 23:24:25.167,7.390,7.390,0,0,0,,0,PLAN_C,1,1,PLAN_C,1,7.390,7.390,0,0,0,0
2026-09-18 23:24:32.565,P001,LowInfo_NoAI,LowInfo_NoAI,1.0,C2,C2_SCALE,GameplayDecision,TASK_COMPLETE,1,,,2026-09-18 23:24:25.167,7.391,0.000,0,0,0,,0,PLAN_C,1,1,PLAN_C,1,7.390,7.390,0,0,0,0
2026-09-18 23:24:39.444,P001,LowInfo_NoAI,LowInfo_NoAI,1.0,C2,C2_SCALE_REASON,GameplayDecision,TASK_START,0,,,2026-09-18 23:24:39.444,0.000,0.000,0,0,0,,0,,,0,,,,,0,0,0,0
2026-09-18 23:24:47.578,P001,LowInfo_NoAI,LowInfo_NoAI,1.0,C2,C2_SCALE_REASON,GameplayDecision,ANSWER,1,REASONS:1|2|5,0,2026-09-18 23:24:39.444,8.133,8.133,0,0,0,,0,REASONS:1|2|5,0,1,REASONS:1|2|5,0,8.133,,0,0,0,0
2026-09-18 23:24:55.012,P001,LowInfo_NoAI,LowInfo_NoAI,1.0,C2,C2_SCALE_REASON,GameplayDecision,ANSWER,2,REASONS:1|2,1,2026-09-18 23:24:39.444,15.569,7.436,0,0,0,,0,REASONS:1|2|5,0,2,REASONS:1|2,1,8.133,15.569,0,0,0,0
2026-09-18 23:24:58.620,P001,LowInfo_NoAI,LowInfo_NoAI,1.0,C2,C2_SCALE_REASON,GameplayDecision,TASK_COMPLETE,2,,,2026-09-18 23:24:39.444,19.176,0.000,0,0,0,,0,REASONS:1|2|5,0,2,REASONS:1|2,1,8.133,15.569,0,0,0,0
2026-09-18 23:25:30.192,P001,LowInfo_NoAI,LowInfo_NoAI,1.0,C3,C3_FILTER,PlatformMatching,TASK_START,0,,,2026-09-18 23:25:30.192,0.000,0.000,0,0,0,,0,,,0,,,,,0,0,0,0
2026-09-18 23:25:32.770,P001,LowInfo_NoAI,LowInfo_NoAI,1.0,C3,C3_FILTER,PlatformMatching,ANSWER,1,SLOT5:SOUNDPROOF_WRONG_2,0,2026-09-18 23:25:30.192,2.578,2.578,0,0,0,,0,SLOT5:SOUNDPROOF_WRONG_2,0,1,SLOT5:SOUNDPROOF_WRONG_2,0,2.578,,0,0,0,0
2026-09-18 23:25:41.685,P001,LowInfo_NoAI,LowInfo_NoAI,1.0,C3,C3_FILTER,PlatformMatching,ANSWER,2,P=4人小組討論|T=22:00-1:00|B=總預算<=600|E=白板與插座|S=可交談|D=機車十五分鐘|F=可外食|A=電子門禁卡,1,2026-09-18 23:25:30.192,11.493,8.915,0,0,0,,0,SLOT5:SOUNDPROOF_WRONG_2,0,2,P=4人小組討論|T=22:00-1:00|B=總預算<=600|E=白板與插座|S=可交談|D=機車十五分鐘|F=可外食|A=電子門禁卡,1,2.578,11.493,0,0,0,0
2026-09-18 23:25:41.695,P001,LowInfo_NoAI,LowInfo_NoAI,1.0,C3,C3_FILTER,PlatformMatching,TASK_COMPLETE,2,,,2026-09-18 23:25:30.192,11.494,0.000,0,0,0,,0,SLOT5:SOUNDPROOF_WRONG_2,0,2,P=4人小組討論|T=22:00-1:00|B=總預算<=600|E=白板與插座|S=可交談|D=機車十五分鐘|F=可外食|A=電子門禁卡,1,2.578,11.493,0,0,0,0
2026-09-18 23:25:50.422,P001,LowInfo_NoAI,LowInfo_NoAI,1.0,C3,C3_RULES,UserResponsibility,TASK_START,0,,,2026-09-18 23:25:50.422,0.000,0.000,0,0,0,,0,,,0,,,,,0,0,0,0
2026-09-18 23:25:56.001,P001,LowInfo_NoAI,LowInfo_NoAI,1.0,C3,C3_RULES,UserResponsibility,ANSWER,1,CARD_1_VALID>CARD_3_VALID>CARD_2_VALID>CARD_4_VALID,1,2026-09-18 23:25:50.422,5.578,5.578,0,0,0,,0,CARD_1_VALID>CARD_3_VALID>CARD_2_VALID>CARD_4_VALID,1,1,CARD_1_VALID>CARD_3_VALID>CARD_2_VALID>CARD_4_VALID,1,5.578,5.578,0,0,0,0
2026-09-18 23:25:58.477,P001,LowInfo_NoAI,LowInfo_NoAI,1.0,C3,C3_RULES,UserResponsibility,TASK_COMPLETE,1,,,2026-09-18 23:25:50.422,8.055,0.000,0,0,0,,0,CARD_1_VALID>CARD_3_VALID>CARD_2_VALID>CARD_4_VALID,1,1,CARD_1_VALID>CARD_3_VALID>CARD_2_VALID>CARD_4_VALID,1,5.578,5.578,0,0,0,0
2026-09-18 23:26:20.237,P001,LowInfo_NoAI,LowInfo_NoAI,1.0,C3,C3_THREEPARTY_Q1,MultiStakeholder,TASK_START,0,,,2026-09-18 23:26:20.237,0.000,0.000,0,0,0,,0,,,0,,,,,0,0,0,0
2026-09-18 23:26:21.757,P001,LowInfo_NoAI,LowInfo_NoAI,1.0,C3,C3_THREEPARTY_Q1,MultiStakeholder,ANSWER,1,Provider,1,2026-09-18 23:26:20.237,1.520,1.520,0,0,0,,0,Provider,1,1,Provider,1,1.520,1.520,0,0,0,0
2026-09-18 23:26:22.308,P001,LowInfo_NoAI,LowInfo_NoAI,1.0,C3,C3_THREEPARTY_Q1,MultiStakeholder,TASK_COMPLETE,1,,,2026-09-18 23:26:20.237,2.071,0.000,0,0,0,,0,Provider,1,1,Provider,1,1.520,1.520,0,0,0,0
2026-09-18 23:26:22.318,P001,LowInfo_NoAI,LowInfo_NoAI,1.0,C3,C3_THREEPARTY_Q2,MultiStakeholder,TASK_START,0,,,2026-09-18 23:26:22.310,0.000,0.000,0,0,0,,0,,,0,,,,,0,0,0,0
2026-09-18 23:26:23.182,P001,LowInfo_NoAI,LowInfo_NoAI,1.0,C3,C3_THREEPARTY_Q2,MultiStakeholder,ANSWER,1,User,1,2026-09-18 23:26:22.310,0.871,0.871,0,0,0,,0,User,1,1,User,1,0.871,0.871,0,0,0,0
2026-09-18 23:26:23.732,P001,LowInfo_NoAI,LowInfo_NoAI,1.0,C3,C3_THREEPARTY_Q2,MultiStakeholder,TASK_COMPLETE,1,,,2026-09-18 23:26:22.310,1.423,0.000,0,0,0,,0,User,1,1,User,1,0.871,0.871,0,0,0,0
2026-09-18 23:26:23.742,P001,LowInfo_NoAI,LowInfo_NoAI,1.0,C3,C3_THREEPARTY_Q3,MultiStakeholder,TASK_START,0,,,2026-09-18 23:26:23.733,0.000,0.000,0,0,0,,0,,,0,,,,,0,0,0,0
2026-09-18 23:26:24.435,P001,LowInfo_NoAI,LowInfo_NoAI,1.0,C3,C3_THREEPARTY_Q3,MultiStakeholder,ANSWER,1,Platform,1,2026-09-18 23:26:23.733,0.701,0.701,0,0,0,,0,Platform,1,1,Platform,1,0.701,0.701,0,0,0,0
2026-09-18 23:26:24.988,P001,LowInfo_NoAI,LowInfo_NoAI,1.0,C3,C3_THREEPARTY_Q3,MultiStakeholder,TASK_COMPLETE,1,,,2026-09-18 23:26:23.733,1.254,0.000,0,0,0,,0,Platform,1,1,Platform,1,0.701,0.701,0,0,0,0
2026-09-18 23:26:24.997,P001,LowInfo_NoAI,LowInfo_NoAI,1.0,C3,C3_THREEPARTY_Q4,MultiStakeholder,TASK_START,0,,,2026-09-18 23:26:24.989,0.000,0.000,0,0,0,,0,,,0,,,,,0,0,0,0
2026-09-18 23:26:25.681,P001,LowInfo_NoAI,LowInfo_NoAI,1.0,C3,C3_THREEPARTY_Q4,MultiStakeholder,ANSWER,1,Provider,1,2026-09-18 23:26:24.989,0.693,0.693,0,0,0,,0,Provider,1,1,Provider,1,0.693,0.693,0,0,0,0
2026-09-18 23:26:26.236,P001,LowInfo_NoAI,LowInfo_NoAI,1.0,C3,C3_THREEPARTY_Q4,MultiStakeholder,TASK_COMPLETE,1,,,2026-09-18 23:26:24.989,1.247,0.000,0,0,0,,0,Provider,1,1,Provider,1,0.693,0.693,0,0,0,0
2026-09-18 23:26:26.247,P001,LowInfo_NoAI,LowInfo_NoAI,1.0,C3,C3_THREEPARTY_Q5,MultiStakeholder,TASK_START,0,,,2026-09-18 23:26:26.237,0.000,0.000,0,0,0,,0,,,0,,,,,0,0,0,0
2026-09-18 23:26:26.885,P001,LowInfo_NoAI,LowInfo_NoAI,1.0,C3,C3_THREEPARTY_Q5,MultiStakeholder,ANSWER,1,User,1,2026-09-18 23:26:26.237,0.648,0.648,0,0,0,,0,User,1,1,User,1,0.648,0.648,0,0,0,0
2026-09-18 23:26:27.437,P001,LowInfo_NoAI,LowInfo_NoAI,1.0,C3,C3_THREEPARTY_Q5,MultiStakeholder,TASK_COMPLETE,1,,,2026-09-18 23:26:26.237,1.200,0.000,0,0,0,,0,User,1,1,User,1,0.648,0.648,0,0,0,0
2026-09-18 23:26:27.447,P001,LowInfo_NoAI,LowInfo_NoAI,1.0,C3,C3_THREEPARTY_Q6,MultiStakeholder,TASK_START,0,,,2026-09-18 23:26:27.439,0.000,0.000,0,0,0,,0,,,0,,,,,0,0,0,0
2026-09-18 23:26:28.213,P001,LowInfo_NoAI,LowInfo_NoAI,1.0,C3,C3_THREEPARTY_Q6,MultiStakeholder,ANSWER,1,Platform,1,2026-09-18 23:26:27.439,0.775,0.775,0,0,0,,0,Platform,1,1,Platform,1,0.775,0.775,0,0,0,0
2026-09-18 23:26:28.766,P001,LowInfo_NoAI,LowInfo_NoAI,1.0,C3,C3_THREEPARTY_Q6,MultiStakeholder,TASK_COMPLETE,1,,,2026-09-18 23:26:27.439,1.327,0.000,0,0,0,,0,Platform,1,1,Platform,1,0.775,0.775,0,0,0,0
2026-09-18 23:26:28.774,P001,LowInfo_NoAI,LowInfo_NoAI,1.0,C3,C3_THREEPARTY_Q7,MultiStakeholder,TASK_START,0,,,2026-09-18 23:26:28.766,0.000,0.000,0,0,0,,0,,,0,,,,,0,0,0,0
2026-09-18 23:26:30.599,P001,LowInfo_NoAI,LowInfo_NoAI,1.0,C3,C3_THREEPARTY_Q7,MultiStakeholder,ANSWER,1,Provider,1,2026-09-18 23:26:28.766,1.833,1.833,0,0,0,,0,Provider,1,1,Provider,1,1.833,1.833,0,0,0,0
2026-09-18 23:26:31.150,P001,LowInfo_NoAI,LowInfo_NoAI,1.0,C3,C3_THREEPARTY_Q7,MultiStakeholder,TASK_COMPLETE,1,,,2026-09-18 23:26:28.766,2.384,0.000,0,0,0,,0,Provider,1,1,Provider,1,1.833,1.833,0,0,0,0
2026-09-18 23:26:31.161,P001,LowInfo_NoAI,LowInfo_NoAI,1.0,C3,C3_THREEPARTY_Q8,MultiStakeholder,TASK_START,0,,,2026-09-18 23:26:31.152,0.000,0.000,0,0,0,,0,,,0,,,,,0,0,0,0
2026-09-18 23:26:31.894,P001,LowInfo_NoAI,LowInfo_NoAI,1.0,C3,C3_THREEPARTY_Q8,MultiStakeholder,ANSWER,1,User,1,2026-09-18 23:26:31.152,0.742,0.742,0,0,0,,0,User,1,1,User,1,0.742,0.742,0,0,0,0
2026-09-18 23:26:32.449,P001,LowInfo_NoAI,LowInfo_NoAI,1.0,C3,C3_THREEPARTY_Q8,MultiStakeholder,TASK_COMPLETE,1,,,2026-09-18 23:26:31.152,1.296,0.000,0,0,0,,0,User,1,1,User,1,0.742,0.742,0,0,0,0
2026-09-18 23:26:32.457,P001,LowInfo_NoAI,LowInfo_NoAI,1.0,C3,C3_THREEPARTY_Q9,MultiStakeholder,TASK_START,0,,,2026-09-18 23:26:32.450,0.000,0.000,0,0,0,,0,,,0,,,,,0,0,0,0
2026-09-18 23:26:33.119,P001,LowInfo_NoAI,LowInfo_NoAI,1.0,C3,C3_THREEPARTY_Q9,MultiStakeholder,ANSWER,1,Platform,1,2026-09-18 23:26:32.450,0.668,0.668,0,0,0,,0,Platform,1,1,Platform,1,0.668,0.668,0,0,0,0
2026-09-18 23:26:33.669,P001,LowInfo_NoAI,LowInfo_NoAI,1.0,C3,C3_THREEPARTY_Q9,MultiStakeholder,TASK_COMPLETE,1,,,2026-09-18 23:26:32.450,1.219,0.000,0,0,0,,0,Platform,1,1,Platform,1,0.668,0.668,0,0,0,0
2026-09-18 23:26:33.681,P001,LowInfo_NoAI,LowInfo_NoAI,1.0,C3,C3_THREEPARTY_Q10,MultiStakeholder,TASK_START,0,,,2026-09-18 23:26:33.669,0.000,0.000,0,0,0,,0,,,0,,,,,0,0,0,0
2026-09-18 23:26:34.478,P001,LowInfo_NoAI,LowInfo_NoAI,1.0,C3,C3_THREEPARTY_Q10,MultiStakeholder,ANSWER,1,Platform,1,2026-09-18 23:26:33.669,0.807,0.807,0,0,0,,0,Platform,1,1,Platform,1,0.807,0.807,0,0,0,0
2026-09-18 23:26:35.030,P001,LowInfo_NoAI,LowInfo_NoAI,1.0,C3,C3_THREEPARTY_Q10,MultiStakeholder,TASK_COMPLETE,1,,,2026-09-18 23:26:33.669,1.360,0.000,0,0,0,,0,Platform,1,1,Platform,1,0.807,0.807,0,0,0,0
2026-09-18 23:27:07.066,P001,LowInfo_NoAI,LowInfo_NoAI,1.0,END,END_TRANSFER_TEXT,Transfer_ConceptResponse,TASK_START,0,,,2026-09-18 23:27:07.066,0.000,0.000,0,0,0,,0,,,0,,,,,0,0,0,0
2026-09-18 23:27:07.076,P001,LowInfo_NoAI,LowInfo_NoAI,1.0,END,END_IDLE,Transfer_IdleAsset,TASK_START,0,,,2026-09-18 23:27:07.067,0.000,0.000,0,0,0,,0,,,0,,,,,0,0,0,0
2026-09-18 23:27:07.084,P001,LowInfo_NoAI,LowInfo_NoAI,1.0,END,END_RIGHT,Transfer_UsageRight,TASK_START,0,,,2026-09-18 23:27:07.077,0.000,0.000,0,0,0,,0,,,0,,,,,0,0,0,0
2026-09-18 23:27:07.093,P001,LowInfo_NoAI,LowInfo_NoAI,1.0,END,END_PLATFORM,Transfer_Platform,TASK_START,0,,,2026-09-18 23:27:07.085,0.000,0.000,0,0,0,,0,,,0,,,,,0,0,0,0
2026-09-18 23:27:27.887,P001,LowInfo_NoAI,LowInfo_NoAI,1.0,END,END_TRANSFER_TEXT,Transfer_ConceptResponse,ANSWER,1,IDLE=相機|RIGHT=短暫|PLATFORM=平台,1,2026-09-18 23:27:07.066,20.821,20.821,0,0,0,,0,IDLE=相機|RIGHT=短暫|PLATFORM=平台,1,1,IDLE=相機|RIGHT=短暫|PLATFORM=平台,1,20.821,20.821,0,0,0,0
2026-09-18 23:27:27.898,P001,LowInfo_NoAI,LowInfo_NoAI,1.0,END,END_IDLE,Transfer_IdleAsset,ANSWER,1,相機,1,2026-09-18 23:27:07.067,20.820,20.820,0,0,0,,0,相機,1,1,相機,1,20.820,20.820,0,0,0,0
2026-09-18 23:27:27.906,P001,LowInfo_NoAI,LowInfo_NoAI,1.0,END,END_IDLE,Transfer_IdleAsset,TASK_COMPLETE,1,,,2026-09-18 23:27:07.067,20.831,0.000,0,0,0,,0,相機,1,1,相機,1,20.820,20.820,0,0,0,0
2026-09-18 23:27:27.913,P001,LowInfo_NoAI,LowInfo_NoAI,1.0,END,END_RIGHT,Transfer_UsageRight,ANSWER,1,短暫,1,2026-09-18 23:27:07.077,20.829,20.829,0,0,0,,0,短暫,1,1,短暫,1,20.829,20.829,0,0,0,0
2026-09-18 23:27:27.921,P001,LowInfo_NoAI,LowInfo_NoAI,1.0,END,END_RIGHT,Transfer_UsageRight,TASK_COMPLETE,1,,,2026-09-18 23:27:07.077,20.837,0.000,0,0,0,,0,短暫,1,1,短暫,1,20.829,20.829,0,0,0,0
2026-09-18 23:27:27.928,P001,LowInfo_NoAI,LowInfo_NoAI,1.0,END,END_PLATFORM,Transfer_Platform,ANSWER,1,平台,1,2026-09-18 23:27:07.085,20.836,20.836,0,0,0,,0,平台,1,1,平台,1,20.836,20.836,0,0,0,0
2026-09-18 23:27:27.934,P001,LowInfo_NoAI,LowInfo_NoAI,1.0,END,END_PLATFORM,Transfer_Platform,TASK_COMPLETE,1,,,2026-09-18 23:27:07.085,20.843,0.000,0,0,0,,0,平台,1,1,平台,1,20.836,20.836,0,0,0,0
2026-09-18 23:27:27.946,P001,LowInfo_NoAI,LowInfo_NoAI,1.0,END,END_TRANSFER_TEXT,Transfer_ConceptResponse,FEEDBACK,1,END_TRANSFER_TEXT_CORRECT,,2026-09-18 23:27:07.066,20.873,0.000,0,0,1,Low,1,IDLE=相機|RIGHT=短暫|PLATFORM=平台,1,1,IDLE=相機|RIGHT=短暫|PLATFORM=平台,1,20.821,20.821,0,0,1,1
2026-09-18 23:27:27.956,P001,LowInfo_NoAI,LowInfo_NoAI,1.0,END,END_TRANSFER_TEXT,Transfer_ConceptResponse,TASK_COMPLETE,1,,,2026-09-18 23:27:07.066,20.881,0.000,0,0,1,Low,1,IDLE=相機|RIGHT=短暫|PLATFORM=平台,1,1,IDLE=相機|RIGHT=短暫|PLATFORM=平台,1,20.821,20.821,0,0,1,1
2026-09-18 23:27:29.743,P001,LowInfo_NoAI,LowInfo_NoAI,1.0,END,END_SUSTAIN,Transfer_Sustainability,TASK_START,0,,,2026-09-18 23:27:29.743,0.000,0.000,0,0,0,,0,,,0,,,,,0,0,0,0
2026-09-18 23:27:30.762,P001,LowInfo_NoAI,LowInfo_NoAI,1.0,END,END_SUSTAIN,Transfer_Sustainability,ANSWER,1,B,1,2026-09-18 23:27:29.743,1.020,1.020,0,0,0,,0,B,1,1,B,1,1.020,1.020,0,0,0,0
2026-09-18 23:27:30.773,P001,LowInfo_NoAI,LowInfo_NoAI,1.0,END,END_SUSTAIN,Transfer_Sustainability,FEEDBACK,1,END_SUSTAIN_CORRECT,,2026-09-18 23:27:29.743,1.022,0.000,0,0,1,Low,1,B,1,1,B,1,1.020,1.020,0,0,1,1
2026-09-18 23:27:30.780,P001,LowInfo_NoAI,LowInfo_NoAI,1.0,END,END_SUSTAIN,Transfer_Sustainability,TASK_COMPLETE,1,,,2026-09-18 23:27:29.743,1.031,0.000,0,0,1,Low,1,B,1,1,B,1,1.020,1.020,0,0,1,1
2026-09-21 00:31:11.411,P002,HighInfo_AI,HighInfo_AI,1.0,C1,C1_IDLE,IdleAsset,TASK_START,0,,,2026-09-21 00:31:11.406,0.000,0.000,0,0,0,,0,,,0,,,,,0,0,0,0
2026-09-21 00:31:14.095,P002,HighInfo_AI,HighInfo_AI,1.0,C1,C1_IDLE,IdleAsset,ANSWER,1,DriverSeat,0,2026-09-21 00:31:11.406,2.688,2.688,0,0,0,,0,DriverSeat,0,1,DriverSeat,0,2.688,,0,0,0,0
2026-09-21 00:31:14.114,P002,HighInfo_AI,HighInfo_AI,1.0,C1,C1_IDLE,IdleAsset,FEEDBACK,1,C1_IDLE_WRONG_DRIVER,,2026-09-21 00:31:11.406,2.691,0.000,0,0,1,High,1,DriverSeat,0,1,DriverSeat,0,2.688,,0,0,1,1
2026-09-21 00:31:41.578,P002,HighInfo_AI,HighInfo_AI,1.0,C1,C1_IDLE,IdleAsset,ANSWER,2,TrunkRemainingSpace,1,2026-09-21 00:31:11.406,30.171,27.483,0,0,1,High,1,DriverSeat,0,2,TrunkRemainingSpace,1,2.688,30.171,0,0,1,1
2026-09-21 00:31:41.602,P002,HighInfo_AI,HighInfo_AI,1.0,C1,C1_IDLE,IdleAsset,FEEDBACK,2,C1_IDLE_CORRECT,,2026-09-21 00:31:11.406,30.173,0.000,0,0,1,High,2,DriverSeat,0,2,TrunkRemainingSpace,1,2.688,30.171,0,0,1,2
2026-09-21 00:31:41.616,P002,HighInfo_AI,HighInfo_AI,1.0,C1,C1_IDLE,IdleAsset,TASK_COMPLETE,2,,,2026-09-21 00:31:11.406,30.198,0.000,0,0,1,High,2,DriverSeat,0,2,TrunkRemainingSpace,1,2.688,30.171,0,0,1,2
2026-09-21 00:31:47.060,P002,HighInfo_AI,HighInfo_AI,1.0,C1,C1_MATCH,PlatformMatching,TASK_START,0,,,2026-09-21 00:31:47.059,0.000,0.000,0,0,0,,0,,,0,,,,,0,0,0,0
2026-09-21 00:31:51.912,P002,HighInfo_AI,HighInfo_AI,1.0,C1,C1_MATCH,PlatformMatching,ANSWER,1,Supply>Search>Match>Confirm,1,2026-09-21 00:31:47.059,4.851,4.851,0,0,0,,0,Supply>Search>Match>Confirm,1,1,Supply>Search>Match>Confirm,1,4.851,4.851,0,0,0,0
2026-09-21 00:31:51.934,P002,HighInfo_AI,HighInfo_AI,1.0,C1,C1_MATCH,PlatformMatching,FEEDBACK,1,C1_MATCH_CORRECT,,2026-09-21 00:31:47.059,4.854,0.000,0,0,1,High,1,Supply>Search>Match>Confirm,1,1,Supply>Search>Match>Confirm,1,4.851,4.851,0,0,1,1
2026-09-21 00:31:51.946,P002,HighInfo_AI,HighInfo_AI,1.0,C1,C1_MATCH,PlatformMatching,TASK_COMPLETE,1,,,2026-09-21 00:31:47.059,4.876,0.000,0,0,1,High,1,Supply>Search>Match>Confirm,1,1,Supply>Search>Match>Confirm,1,4.851,4.851,0,0,1,1
2026-09-21 00:31:53.928,P002,HighInfo_AI,HighInfo_AI,1.0,C1,C1_SCARCITY,SupplyDemand,TASK_START,0,,,2026-09-21 00:31:53.926,0.000,0.000,0,0,0,,0,,,0,,,,,0,0,0,0
2026-09-21 00:31:55.654,P002,HighInfo_AI,HighInfo_AI,1.0,C1,C1_SCARCITY,SupplyDemand,ANSWER,1,C,0,2026-09-21 00:31:53.926,1.725,1.725,0,0,0,,0,C,0,1,C,0,1.725,,0,0,0,0
2026-09-21 00:31:55.676,P002,HighInfo_AI,HighInfo_AI,1.0,C1,C1_SCARCITY,SupplyDemand,FEEDBACK,1,C1_SCARCITY_WRONG_C,,2026-09-21 00:31:53.926,1.728,0.000,0,0,1,High,1,C,0,1,C,0,1.725,,0,0,1,1
2026-09-21 00:31:58.439,P002,HighInfo_AI,HighInfo_AI,1.0,C1,C1_SCARCITY,SupplyDemand,ANSWER,2,B,1,2026-09-21 00:31:53.926,4.510,2.785,0,0,1,High,1,C,0,2,B,1,1.725,4.510,0,0,1,1
2026-09-21 00:31:58.462,P002,HighInfo_AI,HighInfo_AI,1.0,C1,C1_SCARCITY,SupplyDemand,FEEDBACK,2,C1_SCARCITY_CORRECT,,2026-09-21 00:31:53.926,4.513,0.000,0,0,1,High,2,C,0,2,B,1,1.725,4.510,0,0,1,2
2026-09-21 00:31:58.478,P002,HighInfo_AI,HighInfo_AI,1.0,C1,C1_SCARCITY,SupplyDemand,TASK_COMPLETE,2,,,2026-09-21 00:31:53.926,4.536,0.000,0,0,1,High,2,C,0,2,B,1,1.725,4.510,0,0,1,2
2026-09-21 00:32:50.411,P002,HighInfo_AI,HighInfo_AI,1.0,C2,C2_RIGHT_1,UsageRightOwnership,TASK_START,0,,,2026-09-21 00:32:50.410,0.000,0.000,0,0,0,,0,,,0,,,,,0,0,0,0
2026-09-21 00:32:51.331,P002,HighInfo_AI,HighInfo_AI,1.0,C2,C2_RIGHT_1,UsageRightOwnership,ANSWER,1,Ownership,1,2026-09-21 00:32:50.410,0.919,0.919,0,0,0,,0,Ownership,1,1,Ownership,1,0.919,0.919,0,0,0,0
2026-09-21 00:32:51.354,P002,HighInfo_AI,HighInfo_AI,1.0,C2,C2_RIGHT_1,UsageRightOwnership,TASK_COMPLETE,1,,,2026-09-21 00:32:50.410,0.933,0.000,0,0,0,,0,Ownership,1,1,Ownership,1,0.919,0.919,0,0,0,0
2026-09-21 00:32:51.365,P002,HighInfo_AI,HighInfo_AI,1.0,C2,C2_RIGHT_2,UsageRightOwnership,TASK_START,0,,,2026-09-21 00:32:51.354,0.000,0.000,0,0,0,,0,,,0,,,,,0,0,0,0
2026-09-21 00:32:52.121,P002,HighInfo_AI,HighInfo_AI,1.0,C2,C2_RIGHT_2,UsageRightOwnership,ANSWER,1,Ownership,0,2026-09-21 00:32:51.354,0.765,0.765,0,0,0,,0,Ownership,0,1,Ownership,0,0.765,,0,0,0,0
2026-09-21 00:32:52.146,P002,HighInfo_AI,HighInfo_AI,1.0,C2,C2_RIGHT_2,UsageRightOwnership,FEEDBACK,1,C2_RIGHT_2_WRONG,,2026-09-21 00:32:51.354,0.773,0.000,0,0,1,High,1,Ownership,0,1,Ownership,0,0.765,,0,0,1,1
2026-09-21 00:32:53.848,P002,HighInfo_AI,HighInfo_AI,1.0,C2,C2_RIGHT_2,UsageRightOwnership,ANSWER,2,UsageRight,1,2026-09-21 00:32:51.354,2.491,1.726,0,0,1,High,1,Ownership,0,2,UsageRight,1,0.765,2.491,0,0,1,1
2026-09-21 00:32:53.869,P002,HighInfo_AI,HighInfo_AI,1.0,C2,C2_RIGHT_2,UsageRightOwnership,TASK_COMPLETE,2,,,2026-09-21 00:32:51.354,2.494,0.000,0,0,1,High,1,Ownership,0,2,UsageRight,1,0.765,2.491,0,0,1,1
2026-09-21 00:32:53.882,P002,HighInfo_AI,HighInfo_AI,1.0,C2,C2_RIGHT_3,UsageRightOwnership,TASK_START,0,,,2026-09-21 00:32:53.871,0.000,0.000,0,0,0,,0,,,0,,,,,0,0,0,0
2026-09-21 00:32:54.732,P002,HighInfo_AI,HighInfo_AI,1.0,C2,C2_RIGHT_3,UsageRightOwnership,ANSWER,1,UsageRight,1,2026-09-21 00:32:53.871,0.861,0.861,0,0,0,,0,UsageRight,1,1,UsageRight,1,0.861,0.861,0,0,0,0
2026-09-21 00:32:54.755,P002,HighInfo_AI,HighInfo_AI,1.0,C2,C2_RIGHT_3,UsageRightOwnership,TASK_COMPLETE,1,,,2026-09-21 00:32:53.871,0.864,0.000,0,0,0,,0,UsageRight,1,1,UsageRight,1,0.861,0.861,0,0,0,0
2026-09-21 00:32:54.765,P002,HighInfo_AI,HighInfo_AI,1.0,C2,C2_RIGHT_4,UsageRightOwnership,TASK_START,0,,,2026-09-21 00:32:54.755,0.000,0.000,0,0,0,,0,,,0,,,,,0,0,0,0
2026-09-21 00:32:55.142,P002,HighInfo_AI,HighInfo_AI,1.0,C2,C2_RIGHT_4,UsageRightOwnership,ANSWER,1,UsageRight,1,2026-09-21 00:32:54.755,0.385,0.385,0,0,0,,0,UsageRight,1,1,UsageRight,1,0.385,0.385,0,0,0,0
2026-09-21 00:32:55.161,P002,HighInfo_AI,HighInfo_AI,1.0,C2,C2_RIGHT_4,UsageRightOwnership,FEEDBACK,1,C2_RIGHT_4_CORRECT_SUMMARY,,2026-09-21 00:32:54.755,0.389,0.000,0,0,1,High,1,UsageRight,1,1,UsageRight,1,0.385,0.385,0,0,1,1
2026-09-21 00:32:55.173,P002,HighInfo_AI,HighInfo_AI,1.0,C2,C2_RIGHT_4,UsageRightOwnership,TASK_COMPLETE,1,,,2026-09-21 00:32:54.755,0.407,0.000,0,0,1,High,1,UsageRight,1,1,UsageRight,1,0.385,0.385,0,0,1,1
2026-09-21 00:33:09.987,P002,HighInfo_AI,HighInfo_AI,1.0,C2,C2_IDLE_VALUE,IdleAsset,TASK_START,0,,,2026-09-21 00:33:09.985,0.000,0.000,0,0,0,,0,,,0,,,,,0,0,0,0
2026-09-21 00:33:10.289,P002,HighInfo_AI,HighInfo_AI,1.0,C2,C2_IDLE_VALUE,IdleAsset,ANSWER,1,C,1,2026-09-21 00:33:09.985,0.303,0.303,0,0,0,,0,C,1,1,C,1,0.303,0.303,0,0,0,0
2026-09-21 00:33:10.309,P002,HighInfo_AI,HighInfo_AI,1.0,C2,C2_IDLE_VALUE,IdleAsset,FEEDBACK,1,C2_IDLE_VALUE_CORRECT,,2026-09-21 00:33:09.985,0.315,0.000,0,0,1,High,1,C,1,1,C,1,0.303,0.303,0,0,1,1
2026-09-21 00:33:10.322,P002,HighInfo_AI,HighInfo_AI,1.0,C2,C2_IDLE_VALUE,IdleAsset,TASK_COMPLETE,1,,,2026-09-21 00:33:09.985,0.325,0.000,0,0,1,High,1,C,1,1,C,1,0.303,0.303,0,0,1,1
2026-09-21 00:33:17.078,P002,HighInfo_AI,HighInfo_AI,1.0,C2,C2_REUSE_ORDER,ResourceReuse,TASK_START,0,,,2026-09-21 00:33:17.077,0.000,0.000,0,0,0,,0,,,0,,,,,0,0,0,0
2026-09-21 00:33:23.381,P002,HighInfo_AI,HighInfo_AI,1.0,C2,C2_REUSE_ORDER,ResourceReuse,ANSWER,1,0>1>3>2,0,2026-09-21 00:33:17.077,6.303,6.303,0,0,0,,0,0>1>3>2,0,1,0>1>3>2,0,6.303,,0,0,0,0
2026-09-21 00:33:23.401,P002,HighInfo_AI,HighInfo_AI,1.0,C2,C2_REUSE_ORDER,ResourceReuse,FEEDBACK,1,C2_REUSE_ORDER_WRONG,,2026-09-21 00:33:17.077,6.311,0.000,0,0,1,High,1,0>1>3>2,0,1,0>1>3>2,0,6.303,,0,0,1,1
2026-09-21 00:33:50.389,P002,HighInfo_AI,HighInfo_AI,1.0,C2,C2_REUSE_ORDER,ResourceReuse,ANSWER,2,0>1>2>3,1,2026-09-21 00:33:17.077,33.311,27.008,0,0,1,High,1,0>1>3>2,0,2,0>1>2>3,1,6.303,33.311,0,0,1,1
2026-09-21 00:33:50.794,P002,HighInfo_AI,HighInfo_AI,1.0,C2,C2_REUSE_ORDER,ResourceReuse,FEEDBACK,2,C2_REUSE_ORDER_CORRECT,,2026-09-21 00:33:17.077,33.715,0.000,0,0,1,High,2,0>1>3>2,0,2,0>1>2>3,1,6.303,33.311,0,0,1,2
2026-09-21 00:33:50.820,P002,HighInfo_AI,HighInfo_AI,1.0,C2,C2_REUSE_ORDER,ResourceReuse,TASK_COMPLETE,2,,,2026-09-21 00:33:17.077,33.718,0.000,0,0,1,High,2,0>1>3>2,0,2,0>1>2>3,1,6.303,33.311,0,0,1,2
2026-09-21 00:33:52.518,P002,HighInfo_AI,HighInfo_AI,1.0,C2,C2_REUSE_CASE,ResourceReuse,TASK_START,0,,,2026-09-21 00:33:52.517,0.000,0.000,0,0,0,,0,,,0,,,,,0,0,0,0
2026-09-21 00:33:53.618,P002,HighInfo_AI,HighInfo_AI,1.0,C2,C2_REUSE_CASE,ResourceReuse,ANSWER,1,B,1,2026-09-21 00:33:52.517,1.100,1.100,0,0,0,,0,B,1,1,B,1,1.100,1.100,0,0,0,0
2026-09-21 00:33:53.643,P002,HighInfo_AI,HighInfo_AI,1.0,C2,C2_REUSE_CASE,ResourceReuse,FEEDBACK,1,C2_REUSE_CASE_CORRECT,,2026-09-21 00:33:52.517,1.102,0.000,0,0,1,High,1,B,1,1,B,1,1.100,1.100,0,0,1,1
2026-09-21 00:33:53.654,P002,HighInfo_AI,HighInfo_AI,1.0,C2,C2_REUSE_CASE,ResourceReuse,TASK_COMPLETE,1,,,2026-09-21 00:33:52.517,1.126,0.000,0,0,1,High,1,B,1,1,B,1,1.100,1.100,0,0,1,1
2026-09-21 00:34:08.800,P002,HighInfo_AI,HighInfo_AI,1.0,C2,C2_DETECTOR,SharingBoundary,TASK_START,0,,,2026-09-21 00:34:08.798,0.000,0.000,0,0,0,,0,,,0,,,,,0,0,0,0
2026-09-21 00:34:27.719,P002,HighInfo_AI,HighInfo_AI,1.0,C2,C2_DETECTOR,SharingBoundary,ANSWER,1,B,1,2026-09-21 00:34:08.798,18.920,18.920,0,0,0,,0,B,1,1,B,1,18.920,18.920,0,0,0,0
2026-09-21 00:34:28.720,P002,HighInfo_AI,HighInfo_AI,1.0,C2,C2_DETECTOR,SharingBoundary,FEEDBACK,1,C2_DETECTOR_CASE_CORRECT,,2026-09-21 00:34:08.798,19.920,0.000,0,0,1,High,1,B,1,1,B,1,18.920,18.920,0,0,1,1
2026-09-21 00:34:40.019,P002,HighInfo_AI,HighInfo_AI,1.0,C2,C2_DETECTOR,SharingBoundary,TASK_COMPLETE,1,,,2026-09-21 00:34:08.798,31.219,0.000,0,0,1,High,1,B,1,1,B,1,18.920,18.920,0,0,1,1
2026-09-21 00:34:40.040,P002,HighInfo_AI,HighInfo_AI,1.0,C2,C2_REFLECTION,Reflection,TASK_START,0,,,2026-09-21 00:34:40.020,0.000,0.000,0,0,0,,0,,,0,,,,,0,0,0,0
2026-09-21 00:35:08.493,P002,HighInfo_AI,HighInfo_AI,1.0,C2,C2_REFLECTION,Reflection,FEEDBACK,0,C2_REFLECTION_FEEDBACK,,2026-09-21 00:34:40.020,28.472,0.000,0,0,1,High,1,,,0,,,,,0,0,1,1
2026-09-21 00:35:08.521,P002,HighInfo_AI,HighInfo_AI,1.0,C2,C2_REFLECTION,Reflection,REFLECTION_SUBMIT,0,C2_REFLECTION,,2026-09-21 00:34:40.020,28.489,0.000,0,0,1,High,1,,,0,,,,,0,0,1,1
2026-09-21 00:35:08.535,P002,HighInfo_AI,HighInfo_AI,1.0,C2,C2_REFLECTION,Reflection,TASK_COMPLETE,0,,,2026-09-21 00:34:40.020,28.501,0.000,0,0,1,High,1,,,0,,,,,0,0,1,1
2026-09-21 00:35:30.397,P002,HighInfo_AI,HighInfo_AI,1.0,C2,C2_SCALE,GameplayDecision,TASK_START,0,,,2026-09-21 00:35:30.396,0.000,0.000,0,0,0,,0,,,0,,,,,0,0,0,0
2026-09-21 00:35:46.100,P002,HighInfo_AI,HighInfo_AI,1.0,C2,C2_SCALE,GameplayDecision,ANSWER,1,OPTION_A,0,2026-09-21 00:35:30.396,15.703,15.703,0,0,0,,0,OPTION_A,0,1,OPTION_A,0,15.703,,0,0,0,0
2026-09-21 00:35:52.654,P002,HighInfo_AI,HighInfo_AI,1.0,C2,C2_SCALE,GameplayDecision,ANSWER,2,PLAN_B,0,2026-09-21 00:35:30.396,22.256,6.553,0,0,0,,0,OPTION_A,0,2,PLAN_B,0,15.703,,0,0,0,0
2026-09-21 00:36:20.628,P002,HighInfo_AI,HighInfo_AI,1.0,C2,C2_SCALE,GameplayDecision,ANSWER,3,PLAN_C,1,2026-09-21 00:35:30.396,50.230,27.974,0,0,0,,0,OPTION_A,0,3,PLAN_C,1,15.703,50.230,0,0,0,0
2026-09-21 00:36:20.651,P002,HighInfo_AI,HighInfo_AI,1.0,C2,C2_SCALE,GameplayDecision,TASK_COMPLETE,3,,,2026-09-21 00:35:30.396,50.234,0.000,0,0,0,,0,OPTION_A,0,3,PLAN_C,1,15.703,50.230,0,0,0,0
2026-09-21 00:36:30.651,P002,HighInfo_AI,HighInfo_AI,1.0,C2,C2_SCALE_REASON,GameplayDecision,TASK_START,0,,,2026-09-21 00:36:30.650,0.000,0.000,0,0,0,,0,,,0,,,,,0,0,0,0
2026-09-21 00:36:33.236,P002,HighInfo_AI,HighInfo_AI,1.0,C2,C2_SCALE_REASON,GameplayDecision,ANSWER,1,REASONS:1|3,0,2026-09-21 00:36:30.650,2.586,2.586,0,0,0,,0,REASONS:1|3,0,1,REASONS:1|3,0,2.586,,0,0,0,0
2026-09-21 00:36:46.531,P002,HighInfo_AI,HighInfo_AI,1.0,C2,C2_SCALE_REASON,GameplayDecision,ANSWER,2,REASONS:1|2,1,2026-09-21 00:36:30.650,15.881,13.295,0,0,0,,0,REASONS:1|3,0,2,REASONS:1|2,1,2.586,15.881,0,0,0,0
2026-09-21 00:36:57.834,P002,HighInfo_AI,HighInfo_AI,1.0,C2,C2_SCALE_REASON,GameplayDecision,TASK_COMPLETE,2,,,2026-09-21 00:36:30.650,27.183,0.000,0,0,0,,0,REASONS:1|3,0,2,REASONS:1|2,1,2.586,15.881,0,0,0,0
2026-09-21 00:37:51.453,P002,HighInfo_AI,HighInfo_AI,1.0,C3,C3_FILTER,PlatformMatching,TASK_START,0,,,2026-09-21 00:37:51.452,0.000,0.000,0,0,0,,0,,,0,,,,,0,0,0,0
2026-09-21 00:37:55.279,P002,HighInfo_AI,HighInfo_AI,1.0,C3,C3_FILTER,PlatformMatching,ANSWER,1,SLOT2:TIME_WRONG_1,0,2026-09-21 00:37:51.452,3.826,3.826,0,0,0,,0,SLOT2:TIME_WRONG_1,0,1,SLOT2:TIME_WRONG_1,0,3.826,,0,0,0,0
2026-09-21 00:37:58.660,P002,HighInfo_AI,HighInfo_AI,1.0,C3,C3_FILTER,PlatformMatching,ANSWER,2,SLOT4:EQUIPMENT_WRONG_1,0,2026-09-21 00:37:51.452,7.206,3.380,0,0,0,,0,SLOT2:TIME_WRONG_1,0,2,SLOT4:EQUIPMENT_WRONG_1,0,3.826,,0,0,0,0
2026-09-21 00:38:06.470,P002,HighInfo_AI,HighInfo_AI,1.0,C3,C3_FILTER,PlatformMatching,ANSWER,3,P=4人小組討論|T=22:00-1:00|B=總預算<=600|E=白板與插座|S=可交談|D=步行五分鐘|F=可外食|A=電子門禁卡,1,2026-09-21 00:37:51.452,15.017,7.811,0,0,0,,0,SLOT2:TIME_WRONG_1,0,3,P=4人小組討論|T=22:00-1:00|B=總預算<=600|E=白板與插座|S=可交談|D=步行五分鐘|F=可外食|A=電子門禁卡,1,3.826,15.017,0,0,0,0
2026-09-21 00:38:06.494,P002,HighInfo_AI,HighInfo_AI,1.0,C3,C3_FILTER,PlatformMatching,TASK_COMPLETE,3,,,2026-09-21 00:37:51.452,15.019,0.000,0,0,0,,0,SLOT2:TIME_WRONG_1,0,3,P=4人小組討論|T=22:00-1:00|B=總預算<=600|E=白板與插座|S=可交談|D=步行五分鐘|F=可外食|A=電子門禁卡,1,3.826,15.017,0,0,0,0
2026-09-21 00:38:18.437,P002,HighInfo_AI,HighInfo_AI,1.0,C3,C3_TRUST,PlatformTrust,TASK_START,0,,,2026-09-21 00:38:18.437,0.000,0.000,0,0,0,,0,,,0,,,,,0,0,0,0
2026-09-21 00:38:28.014,P002,HighInfo_AI,HighInfo_AI,1.0,C3,C3_TRUST,PlatformTrust,ANSWER,1,IDENTITY>DAMAGE>DEPOSIT>PREPAYMENT,1,2026-09-21 00:38:18.437,9.574,9.574,0,0,0,,0,IDENTITY>DAMAGE>DEPOSIT>PREPAYMENT,1,1,IDENTITY>DAMAGE>DEPOSIT>PREPAYMENT,1,9.574,9.574,0,0,0,0
2026-09-21 00:38:36.245,P002,HighInfo_AI,HighInfo_AI,1.0,C3,C3_TRUST,PlatformTrust,FEEDBACK,1,C3_TRUST_HIGH_INFO,,2026-09-21 00:38:18.437,17.808,0.000,0,0,1,High,1,IDENTITY>DAMAGE>DEPOSIT>PREPAYMENT,1,1,IDENTITY>DAMAGE>DEPOSIT>PREPAYMENT,1,9.574,9.574,0,0,1,1
2026-09-21 00:38:49.562,P002,HighInfo_AI,HighInfo_AI,1.0,C3,C3_TRUST,PlatformTrust,TASK_COMPLETE,1,,,2026-09-21 00:38:18.437,31.123,0.000,0,0,1,High,1,IDENTITY>DAMAGE>DEPOSIT>PREPAYMENT,1,1,IDENTITY>DAMAGE>DEPOSIT>PREPAYMENT,1,9.574,9.574,0,0,1,1
2026-09-21 00:39:21.772,P002,HighInfo_AI,HighInfo_AI,1.0,C3,C3_THREEPARTY_Q1,MultiStakeholder,TASK_START,0,,,2026-09-21 00:39:21.770,0.000,0.000,0,0,0,,0,,,0,,,,,0,0,0,0
2026-09-21 00:39:22.834,P002,HighInfo_AI,HighInfo_AI,1.0,C3,C3_THREEPARTY_Q1,MultiStakeholder,ANSWER,1,Provider,1,2026-09-21 00:39:21.770,1.062,1.062,0,0,0,,0,Provider,1,1,Provider,1,1.062,1.062,0,0,0,0
2026-09-21 00:39:23.393,P002,HighInfo_AI,HighInfo_AI,1.0,C3,C3_THREEPARTY_Q1,MultiStakeholder,TASK_COMPLETE,1,,,2026-09-21 00:39:21.770,1.621,0.000,0,0,0,,0,Provider,1,1,Provider,1,1.062,1.062,0,0,0,0
2026-09-21 00:39:23.421,P002,HighInfo_AI,HighInfo_AI,1.0,C3,C3_THREEPARTY_Q2,MultiStakeholder,TASK_START,0,,,2026-09-21 00:39:23.394,0.000,0.000,0,0,0,,0,,,0,,,,,0,0,0,0
2026-09-21 00:39:23.877,P002,HighInfo_AI,HighInfo_AI,1.0,C3,C3_THREEPARTY_Q2,MultiStakeholder,ANSWER,1,Platform,0,2026-09-21 00:39:23.394,0.482,0.482,0,0,0,,0,Platform,0,1,Platform,0,0.482,,0,0,0,0
2026-09-21 00:39:23.896,P002,HighInfo_AI,HighInfo_AI,1.0,C3,C3_THREEPARTY_Q2,MultiStakeholder,FEEDBACK,1,C3_THREEPARTY_Q2_WRONG,,2026-09-21 00:39:23.394,0.490,0.000,0,0,1,High,1,Platform,0,1,Platform,0,0.482,,0,0,1,1
2026-09-21 00:39:29.352,P002,HighInfo_AI,HighInfo_AI,1.0,C3,C3_THREEPARTY_Q2,MultiStakeholder,ANSWER,2,User,1,2026-09-21 00:39:23.394,5.957,5.475,0,0,1,High,1,Platform,0,2,User,1,0.482,5.957,0,0,1,1
2026-09-21 00:39:29.908,P002,HighInfo_AI,HighInfo_AI,1.0,C3,C3_THREEPARTY_Q2,MultiStakeholder,TASK_COMPLETE,2,,,2026-09-21 00:39:23.394,6.513,0.000,0,0,1,High,1,Platform,0,2,User,1,0.482,5.957,0,0,1,1
2026-09-21 00:39:29.932,P002,HighInfo_AI,HighInfo_AI,1.0,C3,C3_THREEPARTY_Q3,MultiStakeholder,TASK_START,0,,,2026-09-21 00:39:29.909,0.000,0.000,0,0,0,,0,,,0,,,,,0,0,0,0
2026-09-21 00:39:30.715,P002,HighInfo_AI,HighInfo_AI,1.0,C3,C3_THREEPARTY_Q3,MultiStakeholder,ANSWER,1,Platform,1,2026-09-21 00:39:29.909,0.805,0.805,0,0,0,,0,Platform,1,1,Platform,1,0.805,0.805,0,0,0,0
2026-09-21 00:39:31.278,P002,HighInfo_AI,HighInfo_AI,1.0,C3,C3_THREEPARTY_Q3,MultiStakeholder,TASK_COMPLETE,1,,,2026-09-21 00:39:29.909,1.369,0.000,0,0,0,,0,Platform,1,1,Platform,1,0.805,0.805,0,0,0,0
2026-09-21 00:39:31.302,P002,HighInfo_AI,HighInfo_AI,1.0,C3,C3_THREEPARTY_Q4,MultiStakeholder,TASK_START,0,,,2026-09-21 00:39:31.283,0.000,0.000,0,0,0,,0,,,0,,,,,0,0,0,0
2026-09-21 00:39:31.927,P002,HighInfo_AI,HighInfo_AI,1.0,C3,C3_THREEPARTY_Q4,MultiStakeholder,ANSWER,1,Provider,1,2026-09-21 00:39:31.283,0.644,0.644,0,0,0,,0,Provider,1,1,Provider,1,0.644,0.644,0,0,0,0
2026-09-21 00:39:32.491,P002,HighInfo_AI,HighInfo_AI,1.0,C3,C3_THREEPARTY_Q4,MultiStakeholder,TASK_COMPLETE,1,,,2026-09-21 00:39:31.283,1.206,0.000,0,0,0,,0,Provider,1,1,Provider,1,0.644,0.644,0,0,0,0
2026-09-21 00:39:32.521,P002,HighInfo_AI,HighInfo_AI,1.0,C3,C3_THREEPARTY_Q5,MultiStakeholder,TASK_START,0,,,2026-09-21 00:39:32.493,0.000,0.000,0,0,0,,0,,,0,,,,,0,0,0,0
2026-09-21 00:39:32.939,P002,HighInfo_AI,HighInfo_AI,1.0,C3,C3_THREEPARTY_Q5,MultiStakeholder,ANSWER,1,User,1,2026-09-21 00:39:32.493,0.445,0.445,0,0,0,,0,User,1,1,User,1,0.445,0.445,0,0,0,0
2026-09-21 00:39:33.501,P002,HighInfo_AI,HighInfo_AI,1.0,C3,C3_THREEPARTY_Q5,MultiStakeholder,TASK_COMPLETE,1,,,2026-09-21 00:39:32.493,1.007,0.000,0,0,0,,0,User,1,1,User,1,0.445,0.445,0,0,0,0
2026-09-21 00:39:33.532,P002,HighInfo_AI,HighInfo_AI,1.0,C3,C3_THREEPARTY_Q6,MultiStakeholder,TASK_START,0,,,2026-09-21 00:39:33.503,0.000,0.000,0,0,0,,0,,,0,,,,,0,0,0,0
2026-09-21 00:39:33.943,P002,HighInfo_AI,HighInfo_AI,1.0,C3,C3_THREEPARTY_Q6,MultiStakeholder,ANSWER,1,Platform,1,2026-09-21 00:39:33.503,0.439,0.439,0,0,0,,0,Platform,1,1,Platform,1,0.439,0.439,0,0,0,0
2026-09-21 00:39:34.510,P002,HighInfo_AI,HighInfo_AI,1.0,C3,C3_THREEPARTY_Q6,MultiStakeholder,TASK_COMPLETE,1,,,2026-09-21 00:39:33.503,1.003,0.000,0,0,0,,0,Platform,1,1,Platform,1,0.439,0.439,0,0,0,0
2026-09-21 00:39:34.542,P002,HighInfo_AI,HighInfo_AI,1.0,C3,C3_THREEPARTY_Q7,MultiStakeholder,TASK_START,0,,,2026-09-21 00:39:34.512,0.000,0.000,0,0,0,,0,,,0,,,,,0,0,0,0
2026-09-21 00:39:35.216,P002,HighInfo_AI,HighInfo_AI,1.0,C3,C3_THREEPARTY_Q7,MultiStakeholder,ANSWER,1,Provider,1,2026-09-21 00:39:34.512,0.700,0.700,0,0,0,,0,Provider,1,1,Provider,1,0.700,0.700,0,0,0,0
2026-09-21 00:39:35.782,P002,HighInfo_AI,HighInfo_AI,1.0,C3,C3_THREEPARTY_Q7,MultiStakeholder,TASK_COMPLETE,1,,,2026-09-21 00:39:34.512,1.268,0.000,0,0,0,,0,Provider,1,1,Provider,1,0.700,0.700,0,0,0,0
2026-09-21 00:39:35.809,P002,HighInfo_AI,HighInfo_AI,1.0,C3,C3_THREEPARTY_Q8,MultiStakeholder,TASK_START,0,,,2026-09-21 00:39:35.783,0.000,0.000,0,0,0,,0,,,0,,,,,0,0,0,0
2026-09-21 00:39:36.134,P002,HighInfo_AI,HighInfo_AI,1.0,C3,C3_THREEPARTY_Q8,MultiStakeholder,ANSWER,1,User,1,2026-09-21 00:39:35.783,0.348,0.348,0,0,0,,0,User,1,1,User,1,0.348,0.348,0,0,0,0
2026-09-21 00:39:36.695,P002,HighInfo_AI,HighInfo_AI,1.0,C3,C3_THREEPARTY_Q8,MultiStakeholder,TASK_COMPLETE,1,,,2026-09-21 00:39:35.783,0.909,0.000,0,0,0,,0,User,1,1,User,1,0.348,0.348,0,0,0,0
2026-09-21 00:39:36.718,P002,HighInfo_AI,HighInfo_AI,1.0,C3,C3_THREEPARTY_Q9,MultiStakeholder,TASK_START,0,,,2026-09-21 00:39:36.695,0.000,0.000,0,0,0,,0,,,0,,,,,0,0,0,0
2026-09-21 00:39:37.209,P002,HighInfo_AI,HighInfo_AI,1.0,C3,C3_THREEPARTY_Q9,MultiStakeholder,ANSWER,1,Platform,1,2026-09-21 00:39:36.695,0.510,0.510,0,0,0,,0,Platform,1,1,Platform,1,0.510,0.510,0,0,0,0
2026-09-21 00:39:37.768,P002,HighInfo_AI,HighInfo_AI,1.0,C3,C3_THREEPARTY_Q9,MultiStakeholder,TASK_COMPLETE,1,,,2026-09-21 00:39:36.695,1.068,0.000,0,0,0,,0,Platform,1,1,Platform,1,0.510,0.510,0,0,0,0
2026-09-21 00:39:37.799,P002,HighInfo_AI,HighInfo_AI,1.0,C3,C3_THREEPARTY_Q10,MultiStakeholder,TASK_START,0,,,2026-09-21 00:39:37.770,0.000,0.000,0,0,0,,0,,,0,,,,,0,0,0,0
2026-09-21 00:39:38.210,P002,HighInfo_AI,HighInfo_AI,1.0,C3,C3_THREEPARTY_Q10,MultiStakeholder,ANSWER,1,Platform,1,2026-09-21 00:39:37.770,0.437,0.437,0,0,0,,0,Platform,1,1,Platform,1,0.437,0.437,0,0,0,0
2026-09-21 00:39:38.777,P002,HighInfo_AI,HighInfo_AI,1.0,C3,C3_THREEPARTY_Q10,MultiStakeholder,TASK_COMPLETE,1,,,2026-09-21 00:39:37.770,1.005,0.000,0,0,0,,0,Platform,1,1,Platform,1,0.437,0.437,0,0,0,0
2026-09-21 00:40:17.892,P002,HighInfo_AI,HighInfo_AI,1.0,END,END_TRANSFER_TEXT,Transfer_ConceptResponse,TASK_START,0,,,2026-09-21 00:40:17.890,0.000,0.000,0,0,0,,0,,,0,,,,,0,0,0,0
2026-09-21 00:40:17.916,P002,HighInfo_AI,HighInfo_AI,1.0,END,END_IDLE,Transfer_IdleAsset,TASK_START,0,,,2026-09-21 00:40:17.895,0.000,0.000,0,0,0,,0,,,0,,,,,0,0,0,0
2026-09-21 00:40:17.929,P002,HighInfo_AI,HighInfo_AI,1.0,END,END_RIGHT,Transfer_UsageRight,TASK_START,0,,,2026-09-21 00:40:17.917,0.000,0.000,0,0,0,,0,,,0,,,,,0,0,0,0
2026-09-21 00:40:17.941,P002,HighInfo_AI,HighInfo_AI,1.0,END,END_PLATFORM,Transfer_Platform,TASK_START,0,,,2026-09-21 00:40:17.930,0.000,0.000,0,0,0,,0,,,0,,,,,0,0,0,0
2026-09-21 00:40:31.165,P002,HighInfo_AI,HighInfo_AI,1.0,END,END_TRANSFER_TEXT,Transfer_ConceptResponse,ANSWER,1,IDLE=相機|RIGHT=租借|PLATFORM=平台,0,2026-09-21 00:40:17.890,13.274,13.274,0,0,0,,0,IDLE=相機|RIGHT=租借|PLATFORM=平台,0,1,IDLE=相機|RIGHT=租借|PLATFORM=平台,0,13.274,,0,0,0,0
2026-09-21 00:40:31.186,P002,HighInfo_AI,HighInfo_AI,1.0,END,END_IDLE,Transfer_IdleAsset,ANSWER,1,相機,1,2026-09-21 00:40:17.895,13.273,13.273,0,0,0,,0,相機,1,1,相機,1,13.273,13.273,0,0,0,0
2026-09-21 00:40:31.205,P002,HighInfo_AI,HighInfo_AI,1.0,END,END_IDLE,Transfer_IdleAsset,TASK_COMPLETE,1,,,2026-09-21 00:40:17.895,13.294,0.000,0,0,0,,0,相機,1,1,相機,1,13.273,13.273,0,0,0,0
2026-09-21 00:40:31.225,P002,HighInfo_AI,HighInfo_AI,1.0,END,END_RIGHT,Transfer_UsageRight,ANSWER,1,租借,0,2026-09-21 00:40:17.917,13.289,13.289,0,0,0,,0,租借,0,1,租借,0,13.289,,0,0,0,0
2026-09-21 00:40:31.241,P002,HighInfo_AI,HighInfo_AI,1.0,END,END_PLATFORM,Transfer_Platform,ANSWER,1,平台,1,2026-09-21 00:40:17.930,13.295,13.295,0,0,0,,0,平台,1,1,平台,1,13.295,13.295,0,0,0,0
2026-09-21 00:40:31.258,P002,HighInfo_AI,HighInfo_AI,1.0,END,END_PLATFORM,Transfer_Platform,TASK_COMPLETE,1,,,2026-09-21 00:40:17.930,13.311,0.000,0,0,0,,0,平台,1,1,平台,1,13.295,13.295,0,0,0,0
2026-09-21 00:40:31.274,P002,HighInfo_AI,HighInfo_AI,1.0,END,END_TRANSFER_TEXT,Transfer_ConceptResponse,FEEDBACK,1,END_TRANSFER_TEXT_WRONG,,2026-09-21 00:40:17.890,13.375,0.000,0,0,1,High,1,IDLE=相機|RIGHT=租借|PLATFORM=平台,0,1,IDLE=相機|RIGHT=租借|PLATFORM=平台,0,13.274,,0,0,1,1
2026-09-21 00:40:43.343,P002,HighInfo_AI,HighInfo_AI,1.0,END,END_TRANSFER_TEXT,Transfer_ConceptResponse,ANSWER,2,IDLE=相機|RIGHT=使用權|PLATFORM=平台,1,2026-09-21 00:40:17.890,25.452,12.178,0,0,1,High,1,IDLE=相機|RIGHT=租借|PLATFORM=平台,0,2,IDLE=相機|RIGHT=使用權|PLATFORM=平台,1,13.274,25.452,0,0,1,1
2026-09-21 00:40:43.365,P002,HighInfo_AI,HighInfo_AI,1.0,END,END_RIGHT,Transfer_UsageRight,ANSWER,2,使用權,1,2026-09-21 00:40:17.917,25.428,12.138,0,0,0,,0,租借,0,2,使用權,1,13.289,25.428,0,0,0,0
2026-09-21 00:40:43.380,P002,HighInfo_AI,HighInfo_AI,1.0,END,END_RIGHT,Transfer_UsageRight,TASK_COMPLETE,2,,,2026-09-21 00:40:17.917,25.450,0.000,0,0,0,,0,租借,0,2,使用權,1,13.289,25.428,0,0,0,0
2026-09-21 00:40:43.392,P002,HighInfo_AI,HighInfo_AI,1.0,END,END_TRANSFER_TEXT,Transfer_ConceptResponse,FEEDBACK,2,END_TRANSFER_TEXT_CORRECT,,2026-09-21 00:40:17.890,25.497,0.000,0,0,1,High,2,IDLE=相機|RIGHT=租借|PLATFORM=平台,0,2,IDLE=相機|RIGHT=使用權|PLATFORM=平台,1,13.274,25.452,0,0,1,2
2026-09-21 00:40:43.408,P002,HighInfo_AI,HighInfo_AI,1.0,END,END_TRANSFER_TEXT,Transfer_ConceptResponse,TASK_COMPLETE,2,,,2026-09-21 00:40:17.890,25.502,0.000,0,0,1,High,2,IDLE=相機|RIGHT=租借|PLATFORM=平台,0,2,IDLE=相機|RIGHT=使用權|PLATFORM=平台,1,13.274,25.452,0,0,1,2
2026-09-21 00:41:07.517,P002,HighInfo_AI,HighInfo_AI,1.0,END,END_SUSTAIN,Transfer_Sustainability,TASK_START,0,,,2026-09-21 00:41:07.514,0.000,0.000,0,0,0,,0,,,0,,,,,0,0,0,0
2026-09-21 00:41:12.115,P002,HighInfo_AI,HighInfo_AI,1.0,END,END_SUSTAIN,Transfer_Sustainability,ANSWER,1,B,1,2026-09-21 00:41:07.514,4.599,4.599,0,0,0,,0,B,1,1,B,1,4.599,4.599,0,0,0,0
2026-09-21 00:41:12.139,P002,HighInfo_AI,HighInfo_AI,1.0,END,END_SUSTAIN,Transfer_Sustainability,FEEDBACK,1,END_SUSTAIN_CORRECT,,2026-09-21 00:41:07.514,4.606,0.000,0,0,1,High,1,B,1,1,B,1,4.599,4.599,0,0,1,1
2026-09-21 00:41:12.158,P002,HighInfo_AI,HighInfo_AI,1.0,END,END_SUSTAIN,Transfer_Sustainability,TASK_COMPLETE,1,,,2026-09-21 00:41:07.514,4.625,0.000,0,0,1,High,1,B,1,1,B,1,4.599,4.599,0,0,1,1
2026-09-21 00:47:53.576,P003,LowInfo_AI,LowInfo_AI,1.0,C1,C1_IDLE,IdleAsset,TASK_START,0,,,2026-09-21 00:47:53.575,0.000,0.000,0,0,0,,0,,,0,,,,,0,0,0,0
2026-09-21 00:47:58.303,P003,LowInfo_AI,LowInfo_AI,1.0,C1,C1_IDLE,IdleAsset,ANSWER,1,DriverSeat,0,2026-09-21 00:47:53.575,4.727,4.727,0,0,0,,0,DriverSeat,0,1,DriverSeat,0,4.727,,0,0,0,0
2026-09-21 00:47:58.322,P003,LowInfo_AI,LowInfo_AI,1.0,C1,C1_IDLE,IdleAsset,FEEDBACK,1,C1_IDLE_WRONG_DRIVER,,2026-09-21 00:47:53.575,4.730,0.000,0,0,1,Low,1,DriverSeat,0,1,DriverSeat,0,4.727,,0,0,1,1
2026-09-21 00:49:05.749,P003,LowInfo_AI,LowInfo_AI,1.0,C1,C1_IDLE,IdleAsset,ANSWER,2,TrunkRemainingSpace,1,2026-09-21 00:47:53.575,72.172,67.445,0,0,1,Low,1,DriverSeat,0,2,TrunkRemainingSpace,1,4.727,72.172,0,0,1,1
2026-09-21 00:49:05.774,P003,LowInfo_AI,LowInfo_AI,1.0,C1,C1_IDLE,IdleAsset,FEEDBACK,2,C1_IDLE_CORRECT,,2026-09-21 00:47:53.575,72.175,0.000,0,0,1,Low,2,DriverSeat,0,2,TrunkRemainingSpace,1,4.727,72.172,0,0,1,2
2026-09-21 00:49:05.787,P003,LowInfo_AI,LowInfo_AI,1.0,C1,C1_IDLE,IdleAsset,TASK_COMPLETE,2,,,2026-09-21 00:47:53.575,72.199,0.000,0,0,1,Low,2,DriverSeat,0,2,TrunkRemainingSpace,1,4.727,72.172,0,0,1,2
2026-09-21 00:49:08.778,P003,LowInfo_AI,LowInfo_AI,1.0,C1,C1_MATCH,PlatformMatching,TASK_START,0,,,2026-09-21 00:49:08.777,0.000,0.000,0,0,0,,0,,,0,,,,,0,0,0,0
2026-09-21 00:49:19.361,P003,LowInfo_AI,LowInfo_AI,1.0,C1,C1_MATCH,PlatformMatching,ANSWER,1,Supply>Search>Match>Confirm,1,2026-09-21 00:49:08.777,10.584,10.584,0,0,0,,0,Supply>Search>Match>Confirm,1,1,Supply>Search>Match>Confirm,1,10.584,10.584,0,0,0,0
2026-09-21 00:49:19.382,P003,LowInfo_AI,LowInfo_AI,1.0,C1,C1_MATCH,PlatformMatching,FEEDBACK,1,C1_MATCH_CORRECT,,2026-09-21 00:49:08.777,10.586,0.000,0,0,1,Low,1,Supply>Search>Match>Confirm,1,1,Supply>Search>Match>Confirm,1,10.584,10.584,0,0,1,1
2026-09-21 00:49:19.395,P003,LowInfo_AI,LowInfo_AI,1.0,C1,C1_MATCH,PlatformMatching,TASK_COMPLETE,1,,,2026-09-21 00:49:08.777,10.606,0.000,0,0,1,Low,1,Supply>Search>Match>Confirm,1,1,Supply>Search>Match>Confirm,1,10.584,10.584,0,0,1,1
2026-09-21 00:49:19.950,P003,LowInfo_AI,LowInfo_AI,1.0,C1,C1_SCARCITY,SupplyDemand,TASK_START,0,,,2026-09-21 00:49:19.949,0.000,0.000,0,0,0,,0,,,0,,,,,0,0,0,0
2026-09-21 00:49:20.096,P003,LowInfo_AI,LowInfo_AI,1.0,C1,C1_SCARCITY,SupplyDemand,ANSWER,1,B,1,2026-09-21 00:49:19.949,0.147,0.147,0,0,0,,0,B,1,1,B,1,0.147,0.147,0,0,0,0
2026-09-21 00:49:20.120,P003,LowInfo_AI,LowInfo_AI,1.0,C1,C1_SCARCITY,SupplyDemand,FEEDBACK,1,C1_SCARCITY_CORRECT,,2026-09-21 00:49:19.949,0.149,0.000,0,0,1,Low,1,B,1,1,B,1,0.147,0.147,0,0,1,1
2026-09-21 00:49:20.132,P003,LowInfo_AI,LowInfo_AI,1.0,C1,C1_SCARCITY,SupplyDemand,TASK_COMPLETE,1,,,2026-09-21 00:49:19.949,0.171,0.000,0,0,1,Low,1,B,1,1,B,1,0.147,0.147,0,0,1,1
2026-09-21 00:49:52.736,P003,LowInfo_AI,LowInfo_AI,1.0,C2,C2_RIGHT_1,UsageRightOwnership,TASK_START,0,,,2026-09-21 00:49:52.735,0.000,0.000,0,0,0,,0,,,0,,,,,0,0,0,0
2026-09-21 00:49:53.853,P003,LowInfo_AI,LowInfo_AI,1.0,C2,C2_RIGHT_1,UsageRightOwnership,ANSWER,1,Ownership,1,2026-09-21 00:49:52.735,1.117,1.117,0,0,0,,0,Ownership,1,1,Ownership,1,1.117,1.117,0,0,0,0
2026-09-21 00:49:53.874,P003,LowInfo_AI,LowInfo_AI,1.0,C2,C2_RIGHT_1,UsageRightOwnership,TASK_COMPLETE,1,,,2026-09-21 00:49:52.735,1.125,0.000,0,0,0,,0,Ownership,1,1,Ownership,1,1.117,1.117,0,0,0,0
2026-09-21 00:49:53.889,P003,LowInfo_AI,LowInfo_AI,1.0,C2,C2_RIGHT_2,UsageRightOwnership,TASK_START,0,,,2026-09-21 00:49:53.876,0.000,0.000,0,0,0,,0,,,0,,,,,0,0,0,0
2026-09-21 00:49:55.581,P003,LowInfo_AI,LowInfo_AI,1.0,C2,C2_RIGHT_2,UsageRightOwnership,ANSWER,1,Ownership,0,2026-09-21 00:49:53.876,1.705,1.705,0,0,0,,0,Ownership,0,1,Ownership,0,1.705,,0,0,0,0
2026-09-21 00:49:55.604,P003,LowInfo_AI,LowInfo_AI,1.0,C2,C2_RIGHT_2,UsageRightOwnership,FEEDBACK,1,C2_RIGHT_2_WRONG,,2026-09-21 00:49:53.876,1.711,0.000,0,0,1,Low,1,Ownership,0,1,Ownership,0,1.705,,0,0,1,1
2026-09-21 00:49:57.095,P003,LowInfo_AI,LowInfo_AI,1.0,C2,C2_RIGHT_2,UsageRightOwnership,ANSWER,2,UsageRight,1,2026-09-21 00:49:53.876,3.218,1.513,0,0,1,Low,1,Ownership,0,2,UsageRight,1,1.705,3.218,0,0,1,1
2026-09-21 00:49:57.116,P003,LowInfo_AI,LowInfo_AI,1.0,C2,C2_RIGHT_2,UsageRightOwnership,TASK_COMPLETE,2,,,2026-09-21 00:49:53.876,3.221,0.000,0,0,1,Low,1,Ownership,0,2,UsageRight,1,1.705,3.218,0,0,1,1
2026-09-21 00:49:57.131,P003,LowInfo_AI,LowInfo_AI,1.0,C2,C2_RIGHT_3,UsageRightOwnership,TASK_START,0,,,2026-09-21 00:49:57.117,0.000,0.000,0,0,0,,0,,,0,,,,,0,0,0,0
2026-09-21 00:49:57.472,P003,LowInfo_AI,LowInfo_AI,1.0,C2,C2_RIGHT_3,UsageRightOwnership,ANSWER,1,UsageRight,1,2026-09-21 00:49:57.117,0.354,0.354,0,0,0,,0,UsageRight,1,1,UsageRight,1,0.354,0.354,0,0,0,0
2026-09-21 00:49:57.493,P003,LowInfo_AI,LowInfo_AI,1.0,C2,C2_RIGHT_3,UsageRightOwnership,TASK_COMPLETE,1,,,2026-09-21 00:49:57.117,0.356,0.000,0,0,0,,0,UsageRight,1,1,UsageRight,1,0.354,0.354,0,0,0,0
2026-09-21 00:49:57.507,P003,LowInfo_AI,LowInfo_AI,1.0,C2,C2_RIGHT_4,UsageRightOwnership,TASK_START,0,,,2026-09-21 00:49:57.495,0.000,0.000,0,0,0,,0,,,0,,,,,0,0,0,0
2026-09-21 00:49:57.646,P003,LowInfo_AI,LowInfo_AI,1.0,C2,C2_RIGHT_4,UsageRightOwnership,ANSWER,1,UsageRight,1,2026-09-21 00:49:57.495,0.149,0.149,0,0,0,,0,UsageRight,1,1,UsageRight,1,0.149,0.149,0,0,0,0
2026-09-21 00:49:57.668,P003,LowInfo_AI,LowInfo_AI,1.0,C2,C2_RIGHT_4,UsageRightOwnership,FEEDBACK,1,C2_RIGHT_4_CORRECT_SUMMARY,,2026-09-21 00:49:57.495,0.153,0.000,0,0,1,Low,1,UsageRight,1,1,UsageRight,1,0.149,0.149,0,0,1,1
2026-09-21 00:49:57.680,P003,LowInfo_AI,LowInfo_AI,1.0,C2,C2_RIGHT_4,UsageRightOwnership,TASK_COMPLETE,1,,,2026-09-21 00:49:57.495,0.174,0.000,0,0,1,Low,1,UsageRight,1,1,UsageRight,1,0.149,0.149,0,0,1,1
2026-09-21 00:50:07.438,P003,LowInfo_AI,LowInfo_AI,1.0,C2,C2_IDLE_VALUE,IdleAsset,TASK_START,0,,,2026-09-21 00:50:07.436,0.000,0.000,0,0,0,,0,,,0,,,,,0,0,0,0
2026-09-21 00:50:07.612,P003,LowInfo_AI,LowInfo_AI,1.0,C2,C2_IDLE_VALUE,IdleAsset,ANSWER,1,A,0,2026-09-21 00:50:07.436,0.174,0.174,0,0,0,,0,A,0,1,A,0,0.174,,0,0,0,0
2026-09-21 00:50:07.632,P003,LowInfo_AI,LowInfo_AI,1.0,C2,C2_IDLE_VALUE,IdleAsset,FEEDBACK,1,C2_IDLE_VALUE_WRONG,,2026-09-21 00:50:07.436,0.181,0.000,0,0,1,Low,1,A,0,1,A,0,0.174,,0,0,1,1
2026-09-21 00:50:08.366,P003,LowInfo_AI,LowInfo_AI,1.0,C2,C2_IDLE_VALUE,IdleAsset,ANSWER,2,B,0,2026-09-21 00:50:07.436,0.928,0.754,0,0,1,Low,1,A,0,2,B,0,0.174,,0,0,1,1
2026-09-21 00:50:08.389,P003,LowInfo_AI,LowInfo_AI,1.0,C2,C2_IDLE_VALUE,IdleAsset,FEEDBACK,2,C2_IDLE_VALUE_WRONG,,2026-09-21 00:50:07.436,0.931,0.000,0,0,1,Low,2,A,0,2,B,0,0.174,,0,0,1,2
2026-09-21 00:50:09.434,P003,LowInfo_AI,LowInfo_AI,1.0,C2,C2_IDLE_VALUE,IdleAsset,ANSWER,3,C,1,2026-09-21 00:50:07.436,1.997,1.068,0,0,1,Low,2,A,0,3,C,1,0.174,1.997,0,0,1,2
2026-09-21 00:50:09.457,P003,LowInfo_AI,LowInfo_AI,1.0,C2,C2_IDLE_VALUE,IdleAsset,FEEDBACK,3,C2_IDLE_VALUE_CORRECT,,2026-09-21 00:50:07.436,2.005,0.000,0,0,1,Low,3,A,0,3,C,1,0.174,1.997,0,0,1,3
2026-09-21 00:50:09.471,P003,LowInfo_AI,LowInfo_AI,1.0,C2,C2_IDLE_VALUE,IdleAsset,TASK_COMPLETE,3,,,2026-09-21 00:50:07.436,2.021,0.000,0,0,1,Low,3,A,0,3,C,1,0.174,1.997,0,0,1,3
2026-09-21 00:50:15.904,P003,LowInfo_AI,LowInfo_AI,1.0,C2,C2_REUSE_ORDER,ResourceReuse,TASK_START,0,,,2026-09-21 00:50:15.902,0.000,0.000,0,0,0,,0,,,0,,,,,0,0,0,0
2026-09-21 00:50:21.352,P003,LowInfo_AI,LowInfo_AI,1.0,C2,C2_REUSE_ORDER,ResourceReuse,ANSWER,1,0>2>1>3,0,2026-09-21 00:50:15.902,5.450,5.450,0,0,0,,0,0>2>1>3,0,1,0>2>1>3,0,5.450,,0,0,0,0
2026-09-21 00:50:21.379,P003,LowInfo_AI,LowInfo_AI,1.0,C2,C2_REUSE_ORDER,ResourceReuse,FEEDBACK,1,C2_REUSE_ORDER_WRONG,,2026-09-21 00:50:15.902,5.453,0.000,0,0,1,Low,1,0>2>1>3,0,1,0>2>1>3,0,5.450,,0,0,1,1
2026-09-21 00:50:25.887,P003,LowInfo_AI,LowInfo_AI,1.0,C2,C2_REUSE_ORDER,ResourceReuse,ANSWER,2,0>1>2>3,1,2026-09-21 00:50:15.902,9.983,4.533,0,0,1,Low,1,0>2>1>3,0,2,0>1>2>3,1,5.450,9.983,0,0,1,1
2026-09-21 00:50:26.292,P003,LowInfo_AI,LowInfo_AI,1.0,C2,C2_REUSE_ORDER,ResourceReuse,FEEDBACK,2,C2_REUSE_ORDER_CORRECT,,2026-09-21 00:50:15.902,10.388,0.000,0,0,1,Low,2,0>2>1>3,0,2,0>1>2>3,1,5.450,9.983,0,0,1,2
2026-09-21 00:50:26.319,P003,LowInfo_AI,LowInfo_AI,1.0,C2,C2_REUSE_ORDER,ResourceReuse,TASK_COMPLETE,2,,,2026-09-21 00:50:15.902,10.391,0.000,0,0,1,Low,2,0>2>1>3,0,2,0>1>2>3,1,5.450,9.983,0,0,1,2
2026-09-21 00:50:27.987,P003,LowInfo_AI,LowInfo_AI,1.0,C2,C2_REUSE_CASE,ResourceReuse,TASK_START,0,,,2026-09-21 00:50:27.986,0.000,0.000,0,0,0,,0,,,0,,,,,0,0,0,0
2026-09-21 00:50:28.850,P003,LowInfo_AI,LowInfo_AI,1.0,C2,C2_REUSE_CASE,ResourceReuse,ANSWER,1,B,1,2026-09-21 00:50:27.986,0.864,0.864,0,0,0,,0,B,1,1,B,1,0.864,0.864,0,0,0,0
2026-09-21 00:50:28.874,P003,LowInfo_AI,LowInfo_AI,1.0,C2,C2_REUSE_CASE,ResourceReuse,FEEDBACK,1,C2_REUSE_CASE_CORRECT,,2026-09-21 00:50:27.986,0.866,0.000,0,0,1,Low,1,B,1,1,B,1,0.864,0.864,0,0,1,1
2026-09-21 00:50:28.890,P003,LowInfo_AI,LowInfo_AI,1.0,C2,C2_REUSE_CASE,ResourceReuse,TASK_COMPLETE,1,,,2026-09-21 00:50:27.986,0.888,0.000,0,0,1,Low,1,B,1,1,B,1,0.864,0.864,0,0,1,1
2026-09-21 00:50:33.514,P003,LowInfo_AI,LowInfo_AI,1.0,C2,C2_DETECTOR,SharingBoundary,TASK_START,0,,,2026-09-21 00:50:33.513,0.000,0.000,0,0,0,,0,,,0,,,,,0,0,0,0
2026-09-21 00:50:37.260,P003,LowInfo_AI,LowInfo_AI,1.0,C2,C2_DETECTOR,SharingBoundary,FEEDBACK,0,C2_DETECTOR_CLUE_WRONG,,2026-09-21 00:50:33.513,3.746,0.000,0,0,1,Low,1,,,0,,,,,0,0,1,1
2026-09-21 00:50:49.712,P003,LowInfo_AI,LowInfo_AI,1.0,C2,C2_DETECTOR,SharingBoundary,ANSWER,1,B,1,2026-09-21 00:50:33.513,16.197,16.197,0,0,1,Low,1,B,1,1,B,1,16.197,16.197,0,0,1,1
2026-09-21 00:50:50.713,P003,LowInfo_AI,LowInfo_AI,1.0,C2,C2_DETECTOR,SharingBoundary,FEEDBACK,1,C2_DETECTOR_CASE_CORRECT,,2026-09-21 00:50:33.513,17.199,0.000,0,0,1,Low,2,B,1,1,B,1,16.197,16.197,0,0,1,2
2026-09-21 00:50:55.759,P003,LowInfo_AI,LowInfo_AI,1.0,C2,C2_DETECTOR,SharingBoundary,TASK_COMPLETE,1,,,2026-09-21 00:50:33.513,22.244,0.000,0,0,1,Low,2,B,1,1,B,1,16.197,16.197,0,0,1,2
2026-09-21 00:50:55.780,P003,LowInfo_AI,LowInfo_AI,1.0,C2,C2_REFLECTION,Reflection,TASK_START,0,,,2026-09-21 00:50:55.760,0.000,0.000,0,0,0,,0,,,0,,,,,0,0,0,0
2026-09-21 00:52:32.577,P003,LowInfo_AI,LowInfo_AI,1.0,C2,C2_REFLECTION,Reflection,FEEDBACK,0,C2_REFLECTION_FEEDBACK,,2026-09-21 00:50:55.760,96.816,0.000,0,0,1,Low,1,,,0,,,,,0,0,1,1
2026-09-21 00:52:32.603,P003,LowInfo_AI,LowInfo_AI,1.0,C2,C2_REFLECTION,Reflection,REFLECTION_SUBMIT,0,C2_REFLECTION,,2026-09-21 00:50:55.760,96.831,0.000,0,0,1,Low,1,,,0,,,,,0,0,1,1
2026-09-21 00:52:32.617,P003,LowInfo_AI,LowInfo_AI,1.0,C2,C2_REFLECTION,Reflection,TASK_COMPLETE,0,,,2026-09-21 00:50:55.760,96.844,0.000,0,0,1,Low,1,,,0,,,,,0,0,1,1
2026-09-21 00:52:41.430,P003,LowInfo_AI,LowInfo_AI,1.0,C2,C2_SCALE,GameplayDecision,TASK_START,0,,,2026-09-21 00:52:41.430,0.000,0.000,0,0,0,,0,,,0,,,,,0,0,0,0
2026-09-21 00:52:48.446,P003,LowInfo_AI,LowInfo_AI,1.0,C2,C2_SCALE,GameplayDecision,ANSWER,1,PLAN_C,1,2026-09-21 00:52:41.430,7.016,7.016,0,0,0,,0,PLAN_C,1,1,PLAN_C,1,7.016,7.016,0,0,0,0
2026-09-21 00:52:48.470,P003,LowInfo_AI,LowInfo_AI,1.0,C2,C2_SCALE,GameplayDecision,TASK_COMPLETE,1,,,2026-09-21 00:52:41.430,7.018,0.000,0,0,0,,0,PLAN_C,1,1,PLAN_C,1,7.016,7.016,0,0,0,0
2026-09-21 00:52:55.987,P003,LowInfo_AI,LowInfo_AI,1.0,C2,C2_SCALE_REASON,GameplayDecision,TASK_START,0,,,2026-09-21 00:52:55.985,0.000,0.000,0,0,0,,0,,,0,,,,,0,0,0,0
2026-09-21 00:52:58.155,P003,LowInfo_AI,LowInfo_AI,1.0,C2,C2_SCALE_REASON,GameplayDecision,ANSWER,1,REASONS:2|3,0,2026-09-21 00:52:55.985,2.168,2.168,0,0,0,,0,REASONS:2|3,0,1,REASONS:2|3,0,2.168,,0,0,0,0
2026-09-21 00:52:59.125,P003,LowInfo_AI,LowInfo_AI,1.0,C2,C2_SCALE_REASON,GameplayDecision,ANSWER,2,REASONS:2|3,0,2026-09-21 00:52:55.985,3.139,0.971,0,0,0,,0,REASONS:2|3,0,2,REASONS:2|3,0,2.168,,0,0,0,0
2026-09-21 00:53:02.362,P003,LowInfo_AI,LowInfo_AI,1.0,C2,C2_SCALE_REASON,GameplayDecision,ANSWER,3,REASONS:2|3,0,2026-09-21 00:52:55.985,6.375,3.235,0,0,0,,0,REASONS:2|3,0,3,REASONS:2|3,0,2.168,,0,0,0,0
2026-09-21 00:53:10.591,P003,LowInfo_AI,LowInfo_AI,1.0,C2,C2_SCALE_REASON,GameplayDecision,ANSWER,4,REASONS:1|2,1,2026-09-21 00:52:55.985,14.604,8.229,0,0,0,,0,REASONS:2|3,0,4,REASONS:1|2,1,2.168,14.604,0,0,0,0
2026-09-21 00:53:14.061,P003,LowInfo_AI,LowInfo_AI,1.0,C2,C2_SCALE_REASON,GameplayDecision,TASK_COMPLETE,4,,,2026-09-21 00:52:55.985,18.074,0.000,0,0,0,,0,REASONS:2|3,0,4,REASONS:1|2,1,2.168,14.604,0,0,0,0
2026-09-21 00:53:39.297,P003,LowInfo_AI,LowInfo_AI,1.0,C3,C3_FILTER,PlatformMatching,TASK_START,0,,,2026-09-21 00:53:39.295,0.000,0.000,0,0,0,,0,,,0,,,,,0,0,0,0
2026-09-21 00:53:42.819,P003,LowInfo_AI,LowInfo_AI,1.0,C3,C3_FILTER,PlatformMatching,ANSWER,1,SLOT2:TIME_WRONG_1,0,2026-09-21 00:53:39.295,3.523,3.523,0,0,0,,0,SLOT2:TIME_WRONG_1,0,1,SLOT2:TIME_WRONG_1,0,3.523,,0,0,0,0
2026-09-21 00:53:50.333,P003,LowInfo_AI,LowInfo_AI,1.0,C3,C3_FILTER,PlatformMatching,ANSWER,2,P=4人小組討論|T=22:00-1:00|B=總預算<=600|E=白板與插座|S=可交談|D=機車十五分鐘|F=僅喝水|A=電子門禁卡,1,2026-09-21 00:53:39.295,11.035,7.512,0,0,0,,0,SLOT2:TIME_WRONG_1,0,2,P=4人小組討論|T=22:00-1:00|B=總預算<=600|E=白板與插座|S=可交談|D=機車十五分鐘|F=僅喝水|A=電子門禁卡,1,3.523,11.035,0,0,0,0
2026-09-21 00:53:50.356,P003,LowInfo_AI,LowInfo_AI,1.0,C3,C3_FILTER,PlatformMatching,TASK_COMPLETE,2,,,2026-09-21 00:53:39.295,11.038,0.000,0,0,0,,0,SLOT2:TIME_WRONG_1,0,2,P=4人小組討論|T=22:00-1:00|B=總預算<=600|E=白板與插座|S=可交談|D=機車十五分鐘|F=僅喝水|A=電子門禁卡,1,3.523,11.035,0,0,0,0
2026-09-21 00:53:59.746,P003,LowInfo_AI,LowInfo_AI,1.0,C3,C3_RULES,UserResponsibility,TASK_START,0,,,2026-09-21 00:53:59.744,0.000,0.000,0,0,0,,0,,,0,,,,,0,0,0,0
2026-09-21 00:54:16.362,P003,LowInfo_AI,LowInfo_AI,1.0,C3,C3_RULES,UserResponsibility,ANSWER,1,CARD_1_VALID>CARD_3_VALID>CARD_2_VALID>CARD_4_VALID,1,2026-09-21 00:53:59.744,16.617,16.617,0,0,0,,0,CARD_1_VALID>CARD_3_VALID>CARD_2_VALID>CARD_4_VALID,1,1,CARD_1_VALID>CARD_3_VALID>CARD_2_VALID>CARD_4_VALID,1,16.617,16.617,0,0,0,0
2026-09-21 00:54:18.743,P003,LowInfo_AI,LowInfo_AI,1.0,C3,C3_RULES,UserResponsibility,TASK_COMPLETE,1,,,2026-09-21 00:53:59.744,18.998,0.000,0,0,0,,0,CARD_1_VALID>CARD_3_VALID>CARD_2_VALID>CARD_4_VALID,1,1,CARD_1_VALID>CARD_3_VALID>CARD_2_VALID>CARD_4_VALID,1,16.617,16.617,0,0,0,0
2026-09-21 00:54:38.719,P003,LowInfo_AI,LowInfo_AI,1.0,C3,C3_THREEPARTY_Q1,MultiStakeholder,TASK_START,0,,,2026-09-21 00:54:38.718,0.000,0.000,0,0,0,,0,,,0,,,,,0,0,0,0
2026-09-21 00:54:39.269,P003,LowInfo_AI,LowInfo_AI,1.0,C3,C3_THREEPARTY_Q1,MultiStakeholder,ANSWER,1,Provider,1,2026-09-21 00:54:38.718,0.550,0.550,0,0,0,,0,Provider,1,1,Provider,1,0.550,0.550,0,0,0,0
2026-09-21 00:54:39.832,P003,LowInfo_AI,LowInfo_AI,1.0,C3,C3_THREEPARTY_Q1,MultiStakeholder,TASK_COMPLETE,1,,,2026-09-21 00:54:38.718,1.113,0.000,0,0,0,,0,Provider,1,1,Provider,1,0.550,0.550,0,0,0,0
2026-09-21 00:54:39.860,P003,LowInfo_AI,LowInfo_AI,1.0,C3,C3_THREEPARTY_Q2,MultiStakeholder,TASK_START,0,,,2026-09-21 00:54:39.834,0.000,0.000,0,0,0,,0,,,0,,,,,0,0,0,0
2026-09-21 00:54:40.231,P003,LowInfo_AI,LowInfo_AI,1.0,C3,C3_THREEPARTY_Q2,MultiStakeholder,ANSWER,1,User,1,2026-09-21 00:54:39.834,0.396,0.396,0,0,0,,0,User,1,1,User,1,0.396,0.396,0,0,0,0
2026-09-21 00:54:40.789,P003,LowInfo_AI,LowInfo_AI,1.0,C3,C3_THREEPARTY_Q2,MultiStakeholder,TASK_COMPLETE,1,,,2026-09-21 00:54:39.834,0.954,0.000,0,0,0,,0,User,1,1,User,1,0.396,0.396,0,0,0,0
2026-09-21 00:54:40.815,P003,LowInfo_AI,LowInfo_AI,1.0,C3,C3_THREEPARTY_Q3,MultiStakeholder,TASK_START,0,,,2026-09-21 00:54:40.791,0.000,0.000,0,0,0,,0,,,0,,,,,0,0,0,0
2026-09-21 00:54:41.195,P003,LowInfo_AI,LowInfo_AI,1.0,C3,C3_THREEPARTY_Q3,MultiStakeholder,ANSWER,1,Platform,1,2026-09-21 00:54:40.791,0.403,0.403,0,0,0,,0,Platform,1,1,Platform,1,0.403,0.403,0,0,0,0
2026-09-21 00:54:41.749,P003,LowInfo_AI,LowInfo_AI,1.0,C3,C3_THREEPARTY_Q3,MultiStakeholder,TASK_COMPLETE,1,,,2026-09-21 00:54:40.791,0.958,0.000,0,0,0,,0,Platform,1,1,Platform,1,0.403,0.403,0,0,0,0
2026-09-21 00:54:41.776,P003,LowInfo_AI,LowInfo_AI,1.0,C3,C3_THREEPARTY_Q4,MultiStakeholder,TASK_START,0,,,2026-09-21 00:54:41.752,0.000,0.000,0,0,0,,0,,,0,,,,,0,0,0,0
2026-09-21 00:54:42.673,P003,LowInfo_AI,LowInfo_AI,1.0,C3,C3_THREEPARTY_Q4,MultiStakeholder,ANSWER,1,Provider,1,2026-09-21 00:54:41.752,0.921,0.921,0,0,0,,0,Provider,1,1,Provider,1,0.921,0.921,0,0,0,0
2026-09-21 00:54:43.232,P003,LowInfo_AI,LowInfo_AI,1.0,C3,C3_THREEPARTY_Q4,MultiStakeholder,TASK_COMPLETE,1,,,2026-09-21 00:54:41.752,1.479,0.000,0,0,0,,0,Provider,1,1,Provider,1,0.921,0.921,0,0,0,0
2026-09-21 00:54:43.260,P003,LowInfo_AI,LowInfo_AI,1.0,C3,C3_THREEPARTY_Q5,MultiStakeholder,TASK_START,0,,,2026-09-21 00:54:43.234,0.000,0.000,0,0,0,,0,,,0,,,,,0,0,0,0
2026-09-21 00:54:43.730,P003,LowInfo_AI,LowInfo_AI,1.0,C3,C3_THREEPARTY_Q5,MultiStakeholder,ANSWER,1,User,1,2026-09-21 00:54:43.234,0.496,0.496,0,0,0,,0,User,1,1,User,1,0.496,0.496,0,0,0,0
2026-09-21 00:54:44.299,P003,LowInfo_AI,LowInfo_AI,1.0,C3,C3_THREEPARTY_Q5,MultiStakeholder,TASK_COMPLETE,1,,,2026-09-21 00:54:43.234,1.064,0.000,0,0,0,,0,User,1,1,User,1,0.496,0.496,0,0,0,0
2026-09-21 00:54:44.329,P003,LowInfo_AI,LowInfo_AI,1.0,C3,C3_THREEPARTY_Q6,MultiStakeholder,TASK_START,0,,,2026-09-21 00:54:44.300,0.000,0.000,0,0,0,,0,,,0,,,,,0,0,0,0
2026-09-21 00:54:44.803,P003,LowInfo_AI,LowInfo_AI,1.0,C3,C3_THREEPARTY_Q6,MultiStakeholder,ANSWER,1,Platform,1,2026-09-21 00:54:44.300,0.502,0.502,0,0,0,,0,Platform,1,1,Platform,1,0.502,0.502,0,0,0,0
2026-09-21 00:54:45.360,P003,LowInfo_AI,LowInfo_AI,1.0,C3,C3_THREEPARTY_Q6,MultiStakeholder,TASK_COMPLETE,1,,,2026-09-21 00:54:44.300,1.059,0.000,0,0,0,,0,Platform,1,1,Platform,1,0.502,0.502,0,0,0,0
2026-09-21 00:54:45.388,P003,LowInfo_AI,LowInfo_AI,1.0,C3,C3_THREEPARTY_Q7,MultiStakeholder,TASK_START,0,,,2026-09-21 00:54:45.361,0.000,0.000,0,0,0,,0,,,0,,,,,0,0,0,0
2026-09-21 00:54:46.034,P003,LowInfo_AI,LowInfo_AI,1.0,C3,C3_THREEPARTY_Q7,MultiStakeholder,ANSWER,1,Provider,1,2026-09-21 00:54:45.361,0.672,0.672,0,0,0,,0,Provider,1,1,Provider,1,0.672,0.672,0,0,0,0
2026-09-21 00:54:46.588,P003,LowInfo_AI,LowInfo_AI,1.0,C3,C3_THREEPARTY_Q7,MultiStakeholder,TASK_COMPLETE,1,,,2026-09-21 00:54:45.361,1.226,0.000,0,0,0,,0,Provider,1,1,Provider,1,0.672,0.672,0,0,0,0
2026-09-21 00:54:46.619,P003,LowInfo_AI,LowInfo_AI,1.0,C3,C3_THREEPARTY_Q8,MultiStakeholder,TASK_START,0,,,2026-09-21 00:54:46.590,0.000,0.000,0,0,0,,0,,,0,,,,,0,0,0,0
2026-09-21 00:54:46.982,P003,LowInfo_AI,LowInfo_AI,1.0,C3,C3_THREEPARTY_Q8,MultiStakeholder,ANSWER,1,User,1,2026-09-21 00:54:46.590,0.390,0.390,0,0,0,,0,User,1,1,User,1,0.390,0.390,0,0,0,0
2026-09-21 00:54:47.539,P003,LowInfo_AI,LowInfo_AI,1.0,C3,C3_THREEPARTY_Q8,MultiStakeholder,TASK_COMPLETE,1,,,2026-09-21 00:54:46.590,0.947,0.000,0,0,0,,0,User,1,1,User,1,0.390,0.390,0,0,0,0
2026-09-21 00:54:47.569,P003,LowInfo_AI,LowInfo_AI,1.0,C3,C3_THREEPARTY_Q9,MultiStakeholder,TASK_START,0,,,2026-09-21 00:54:47.539,0.000,0.000,0,0,0,,0,,,0,,,,,0,0,0,0
2026-09-21 00:54:47.956,P003,LowInfo_AI,LowInfo_AI,1.0,C3,C3_THREEPARTY_Q9,MultiStakeholder,ANSWER,1,Platform,1,2026-09-21 00:54:47.539,0.415,0.415,0,0,0,,0,Platform,1,1,Platform,1,0.415,0.415,0,0,0,0
2026-09-21 00:54:48.518,P003,LowInfo_AI,LowInfo_AI,1.0,C3,C3_THREEPARTY_Q9,MultiStakeholder,TASK_COMPLETE,1,,,2026-09-21 00:54:47.539,0.978,0.000,0,0,0,,0,Platform,1,1,Platform,1,0.415,0.415,0,0,0,0
2026-09-21 00:54:48.557,P003,LowInfo_AI,LowInfo_AI,1.0,C3,C3_THREEPARTY_Q10,MultiStakeholder,TASK_START,0,,,2026-09-21 00:54:48.520,0.000,0.000,0,0,0,,0,,,0,,,,,0,0,0,0
2026-09-21 00:54:49.194,P003,LowInfo_AI,LowInfo_AI,1.0,C3,C3_THREEPARTY_Q10,MultiStakeholder,ANSWER,1,Provider,0,2026-09-21 00:54:48.520,0.673,0.673,0,0,0,,0,Provider,0,1,Provider,0,0.673,,0,0,0,0
2026-09-21 00:54:49.226,P003,LowInfo_AI,LowInfo_AI,1.0,C3,C3_THREEPARTY_Q10,MultiStakeholder,FEEDBACK,1,C3_THREEPARTY_Q10_WRONG,,2026-09-21 00:54:48.520,0.676,0.000,0,0,1,Low,1,Provider,0,1,Provider,0,0.673,,0,0,1,1
2026-09-21 00:54:50.548,P003,LowInfo_AI,LowInfo_AI,1.0,C3,C3_THREEPARTY_Q10,MultiStakeholder,ANSWER,2,Platform,1,2026-09-21 00:54:48.520,2.026,1.353,0,0,1,Low,1,Provider,0,2,Platform,1,0.673,2.026,0,0,1,1
2026-09-21 00:54:51.104,P003,LowInfo_AI,LowInfo_AI,1.0,C3,C3_THREEPARTY_Q10,MultiStakeholder,TASK_COMPLETE,2,,,2026-09-21 00:54:48.520,2.582,0.000,0,0,1,Low,1,Provider,0,2,Platform,1,0.673,2.026,0,0,1,1
2026-09-21 00:55:04.125,P003,LowInfo_AI,LowInfo_AI,1.0,END,END_TRANSFER_TEXT,Transfer_ConceptResponse,TASK_START,0,,,2026-09-21 00:55:04.124,0.000,0.000,0,0,0,,0,,,0,,,,,0,0,0,0
2026-09-21 00:55:04.152,P003,LowInfo_AI,LowInfo_AI,1.0,END,END_IDLE,Transfer_IdleAsset,TASK_START,0,,,2026-09-21 00:55:04.126,0.000,0.000,0,0,0,,0,,,0,,,,,0,0,0,0
2026-09-21 00:55:04.181,P003,LowInfo_AI,LowInfo_AI,1.0,END,END_RIGHT,Transfer_UsageRight,TASK_START,0,,,2026-09-21 00:55:04.152,0.000,0.000,0,0,0,,0,,,0,,,,,0,0,0,0
2026-09-21 00:55:04.217,P003,LowInfo_AI,LowInfo_AI,1.0,END,END_PLATFORM,Transfer_Platform,TASK_START,0,,,2026-09-21 00:55:04.182,0.000,0.000,0,0,0,,0,,,0,,,,,0,0,0,0
2026-09-21 00:55:15.826,P003,LowInfo_AI,LowInfo_AI,1.0,END,END_TRANSFER_TEXT,Transfer_ConceptResponse,ANSWER,1,IDLE=相機|RIGHT=1|PLATFORM=平台,0,2026-09-21 00:55:04.124,11.700,11.700,0,0,0,,0,IDLE=相機|RIGHT=1|PLATFORM=平台,0,1,IDLE=相機|RIGHT=1|PLATFORM=平台,0,11.700,,0,0,0,0
2026-09-21 00:55:15.858,P003,LowInfo_AI,LowInfo_AI,1.0,END,END_IDLE,Transfer_IdleAsset,ANSWER,1,相機,1,2026-09-21 00:55:04.126,11.701,11.701,0,0,0,,0,相機,1,1,相機,1,11.701,11.701,0,0,0,0
2026-09-21 00:55:15.886,P003,LowInfo_AI,LowInfo_AI,1.0,END,END_IDLE,Transfer_IdleAsset,TASK_COMPLETE,1,,,2026-09-21 00:55:04.126,11.733,0.000,0,0,0,,0,相機,1,1,相機,1,11.701,11.701,0,0,0,0
2026-09-21 00:55:15.905,P003,LowInfo_AI,LowInfo_AI,1.0,END,END_RIGHT,Transfer_UsageRight,ANSWER,1,1,0,2026-09-21 00:55:04.152,11.734,11.734,0,0,0,,0,1,0,1,1,0,11.734,,0,0,0,0
2026-09-21 00:55:15.930,P003,LowInfo_AI,LowInfo_AI,1.0,END,END_PLATFORM,Transfer_Platform,ANSWER,1,平台,1,2026-09-21 00:55:04.182,11.724,11.724,0,0,0,,0,平台,1,1,平台,1,11.724,11.724,0,0,0,0
2026-09-21 00:55:15.960,P003,LowInfo_AI,LowInfo_AI,1.0,END,END_PLATFORM,Transfer_Platform,TASK_COMPLETE,1,,,2026-09-21 00:55:04.182,11.750,0.000,0,0,0,,0,平台,1,1,平台,1,11.724,11.724,0,0,0,0
2026-09-21 00:55:15.979,P003,LowInfo_AI,LowInfo_AI,1.0,END,END_TRANSFER_TEXT,Transfer_ConceptResponse,FEEDBACK,1,END_TRANSFER_TEXT_WRONG,,2026-09-21 00:55:04.124,11.840,0.000,0,0,1,Low,1,IDLE=相機|RIGHT=1|PLATFORM=平台,0,1,IDLE=相機|RIGHT=1|PLATFORM=平台,0,11.700,,0,0,1,1
2026-09-21 00:55:20.979,P003,LowInfo_AI,LowInfo_AI,1.0,END,END_TRANSFER_TEXT,Transfer_ConceptResponse,ANSWER,2,IDLE=相機|RIGHT=使用|PLATFORM=平台,0,2026-09-21 00:55:04.124,16.853,5.153,0,0,1,Low,1,IDLE=相機|RIGHT=1|PLATFORM=平台,0,2,IDLE=相機|RIGHT=使用|PLATFORM=平台,0,11.700,,0,0,1,1
2026-09-21 00:55:21.006,P003,LowInfo_AI,LowInfo_AI,1.0,END,END_RIGHT,Transfer_UsageRight,ANSWER,2,使用,0,2026-09-21 00:55:04.152,16.827,5.093,0,0,0,,0,1,0,2,使用,0,11.734,,0,0,0,0
2026-09-21 00:55:21.032,P003,LowInfo_AI,LowInfo_AI,1.0,END,END_TRANSFER_TEXT,Transfer_ConceptResponse,FEEDBACK,2,END_TRANSFER_TEXT_WRONG,,2026-09-21 00:55:04.124,16.882,0.000,0,0,1,Low,2,IDLE=相機|RIGHT=1|PLATFORM=平台,0,2,IDLE=相機|RIGHT=使用|PLATFORM=平台,0,11.700,,0,0,1,2
2026-09-21 00:55:26.315,P003,LowInfo_AI,LowInfo_AI,1.0,END,END_TRANSFER_TEXT,Transfer_ConceptResponse,ANSWER,3,IDLE=相機|RIGHT=使用權|PLATFORM=平台,1,2026-09-21 00:55:04.124,22.189,5.336,0,0,1,Low,2,IDLE=相機|RIGHT=1|PLATFORM=平台,0,3,IDLE=相機|RIGHT=使用權|PLATFORM=平台,1,11.700,22.189,0,0,1,2
2026-09-21 00:55:26.348,P003,LowInfo_AI,LowInfo_AI,1.0,END,END_RIGHT,Transfer_UsageRight,ANSWER,3,使用權,1,2026-09-21 00:55:04.152,22.164,5.337,0,0,0,,0,1,0,3,使用權,1,11.734,22.164,0,0,0,0
2026-09-21 00:55:26.374,P003,LowInfo_AI,LowInfo_AI,1.0,END,END_RIGHT,Transfer_UsageRight,TASK_COMPLETE,3,,,2026-09-21 00:55:04.152,22.196,0.000,0,0,0,,0,1,0,3,使用權,1,11.734,22.164,0,0,0,0
2026-09-21 00:55:26.398,P003,LowInfo_AI,LowInfo_AI,1.0,END,END_TRANSFER_TEXT,Transfer_ConceptResponse,FEEDBACK,3,END_TRANSFER_TEXT_CORRECT,,2026-09-21 00:55:04.124,22.258,0.000,0,0,1,Low,3,IDLE=相機|RIGHT=1|PLATFORM=平台,0,3,IDLE=相機|RIGHT=使用權|PLATFORM=平台,1,11.700,22.189,0,0,1,3
2026-09-21 00:55:26.418,P003,LowInfo_AI,LowInfo_AI,1.0,END,END_TRANSFER_TEXT,Transfer_ConceptResponse,TASK_COMPLETE,3,,,2026-09-21 00:55:04.124,22.274,0.000,0,0,1,Low,3,IDLE=相機|RIGHT=1|PLATFORM=平台,0,3,IDLE=相機|RIGHT=使用權|PLATFORM=平台,1,11.700,22.189,0,0,1,3
2026-09-21 00:55:29.838,P003,LowInfo_AI,LowInfo_AI,1.0,END,END_SUSTAIN,Transfer_Sustainability,TASK_START,0,,,2026-09-21 00:55:29.838,0.000,0.000,0,0,0,,0,,,0,,,,,0,0,0,0
2026-09-21 00:55:30.611,P003,LowInfo_AI,LowInfo_AI,1.0,END,END_SUSTAIN,Transfer_Sustainability,ANSWER,1,B,1,2026-09-21 00:55:29.838,0.773,0.773,0,0,0,,0,B,1,1,B,1,0.773,0.773,0,0,0,0
2026-09-21 00:55:30.640,P003,LowInfo_AI,LowInfo_AI,1.0,END,END_SUSTAIN,Transfer_Sustainability,FEEDBACK,1,END_SUSTAIN_CORRECT,,2026-09-21 00:55:29.838,0.777,0.000,0,0,1,Low,1,B,1,1,B,1,0.773,0.773,0,0,1,1
2026-09-21 00:55:30.662,P003,LowInfo_AI,LowInfo_AI,1.0,END,END_SUSTAIN,Transfer_Sustainability,TASK_COMPLETE,1,,,2026-09-21 00:55:29.838,0.802,0.000,0,0,1,Low,1,B,1,1,B,1,0.773,0.773,0,0,1,1
2026-09-21 01:52:33.712,TEST001,HighInfo_AI,HighInfo_AI,1.0,C2,C2_RIGHT_1,UsageRightOwnership,TASK_START,0,,,2026-09-21 01:52:33.710,0.000,0.000,0,0,0,,0,,,0,,,,,0,0,0,0
2026-09-21 01:52:42.952,TEST001,HighInfo_AI,HighInfo_AI,1.0,C2,C2_RIGHT_1,UsageRightOwnership,TASK_COMPLETE,0,,,2026-09-21 01:52:33.710,1.640,0.000,0,0,0,,0,,,0,,,,,0,0,0,0
2026-09-21 01:52:42.975,TEST001,HighInfo_AI,HighInfo_AI,1.0,C2,C2_RIGHT_1,UsageRightOwnership,TASK_START,0,,,2026-09-21 01:52:42.954,0.000,0.000,0,0,0,,0,,,0,,,,,0,0,0,0
2026-09-21 01:52:43.948,TEST001,HighInfo_AI,HighInfo_AI,1.0,C2,C2_RIGHT_1,UsageRightOwnership,ANSWER,1,Ownership,1,2026-09-21 01:52:42.954,0.994,0.994,0,0,0,,0,Ownership,1,1,Ownership,1,0.994,0.994,0,0,0,0
2026-09-21 01:52:43.969,TEST001,HighInfo_AI,HighInfo_AI,1.0,C2,C2_RIGHT_1,UsageRightOwnership,TASK_COMPLETE,1,,,2026-09-21 01:52:42.954,1.015,0.000,0,0,0,,0,Ownership,1,1,Ownership,1,0.994,0.994,0,0,0,0
2026-09-21 01:52:43.989,TEST001,HighInfo_AI,HighInfo_AI,1.0,C2,C2_RIGHT_2,UsageRightOwnership,TASK_START,0,,,2026-09-21 01:52:43.970,0.000,0.000,0,0,0,,0,,,0,,,,,0,0,0,0
2026-09-21 01:52:44.293,TEST001,HighInfo_AI,HighInfo_AI,1.0,C2,C2_RIGHT_2,UsageRightOwnership,ANSWER,1,UsageRight,1,2026-09-21 01:52:43.970,0.323,0.323,0,0,0,,0,UsageRight,1,1,UsageRight,1,0.323,0.323,0,0,0,0
2026-09-21 01:52:44.313,TEST001,HighInfo_AI,HighInfo_AI,1.0,C2,C2_RIGHT_2,UsageRightOwnership,TASK_COMPLETE,1,,,2026-09-21 01:52:43.970,0.324,0.000,0,0,0,,0,UsageRight,1,1,UsageRight,1,0.323,0.323,0,0,0,0
2026-09-21 01:52:44.335,TEST001,HighInfo_AI,HighInfo_AI,1.0,C2,C2_RIGHT_3,UsageRightOwnership,TASK_START,0,,,2026-09-21 01:52:44.313,0.000,0.000,0,0,0,,0,,,0,,,,,0,0,0,0
2026-09-21 01:52:44.451,TEST001,HighInfo_AI,HighInfo_AI,1.0,C2,C2_RIGHT_3,UsageRightOwnership,ANSWER,1,UsageRight,1,2026-09-21 01:52:44.313,0.136,0.136,0,0,0,,0,UsageRight,1,1,UsageRight,1,0.136,0.136,0,0,0,0
2026-09-21 01:52:44.472,TEST001,HighInfo_AI,HighInfo_AI,1.0,C2,C2_RIGHT_3,UsageRightOwnership,TASK_COMPLETE,1,,,2026-09-21 01:52:44.313,0.138,0.000,0,0,0,,0,UsageRight,1,1,UsageRight,1,0.136,0.136,0,0,0,0
2026-09-21 01:52:44.490,TEST001,HighInfo_AI,HighInfo_AI,1.0,C2,C2_RIGHT_4,UsageRightOwnership,TASK_START,0,,,2026-09-21 01:52:44.473,0.000,0.000,0,0,0,,0,,,0,,,,,0,0,0,0
2026-09-21 01:52:44.588,TEST001,HighInfo_AI,HighInfo_AI,1.0,C2,C2_RIGHT_4,UsageRightOwnership,ANSWER,1,UsageRight,1,2026-09-21 01:52:44.473,0.115,0.115,0,0,0,,0,UsageRight,1,1,UsageRight,1,0.115,0.115,0,0,0,0
2026-09-21 01:52:44.609,TEST001,HighInfo_AI,HighInfo_AI,1.0,C2,C2_RIGHT_4,UsageRightOwnership,FEEDBACK,1,C2_RIGHT_4_CORRECT_SUMMARY,,2026-09-21 01:52:44.473,0.117,0.000,0,0,1,High,1,UsageRight,1,1,UsageRight,1,0.115,0.115,0,0,1,1
2026-09-21 01:52:44.628,TEST001,HighInfo_AI,HighInfo_AI,1.0,C2,C2_RIGHT_4,UsageRightOwnership,TASK_COMPLETE,1,,,2026-09-21 01:52:44.473,0.137,0.000,0,0,1,High,1,UsageRight,1,1,UsageRight,1,0.115,0.115,0,0,1,1
2026-09-21 01:52:53.143,TEST001,HighInfo_AI,HighInfo_AI,1.0,C2,C2_IDLE_VALUE,IdleAsset,TASK_START,0,,,2026-09-21 01:52:53.143,0.000,0.000,0,0,0,,0,,,0,,,,,0,0,0,0
2026-09-21 01:52:53.294,TEST001,HighInfo_AI,HighInfo_AI,1.0,C2,C2_IDLE_VALUE,IdleAsset,ANSWER,1,C,1,2026-09-21 01:52:53.143,0.151,0.151,0,0,0,,0,C,1,1,C,1,0.151,0.151,0,0,0,0
2026-09-21 01:52:53.309,TEST001,HighInfo_AI,HighInfo_AI,1.0,C2,C2_IDLE_VALUE,IdleAsset,FEEDBACK,1,C2_IDLE_VALUE_CORRECT,,2026-09-21 01:52:53.143,0.153,0.000,0,0,1,High,1,C,1,1,C,1,0.151,0.151,0,0,1,1
2026-09-21 01:52:53.323,TEST001,HighInfo_AI,HighInfo_AI,1.0,C2,C2_IDLE_VALUE,IdleAsset,TASK_COMPLETE,1,,,2026-09-21 01:52:53.143,0.167,0.000,0,0,1,High,1,C,1,1,C,1,0.151,0.151,0,0,1,1
2026-09-21 01:52:59.165,TEST001,HighInfo_AI,HighInfo_AI,1.0,C2,C2_REUSE_ORDER,ResourceReuse,TASK_START,0,,,2026-09-21 01:52:59.164,0.000,0.000,0,0,0,,0,,,0,,,,,0,0,0,0
2026-09-21 01:53:02.634,TEST001,HighInfo_AI,HighInfo_AI,1.0,C2,C2_REUSE_ORDER,ResourceReuse,ANSWER,1,3>1>2>0,0,2026-09-21 01:52:59.164,3.469,3.469,0,0,0,,0,3>1>2>0,0,1,3>1>2>0,0,3.469,,0,0,0,0
2026-09-21 01:53:02.649,TEST001,HighInfo_AI,HighInfo_AI,1.0,C2,C2_REUSE_ORDER,ResourceReuse,FEEDBACK,1,C2_REUSE_ORDER_WRONG,,2026-09-21 01:52:59.164,3.479,0.000,0,0,1,High,1,3>1>2>0,0,1,3>1>2>0,0,3.469,,0,0,1,1
2026-09-21 01:53:10.470,TEST001,HighInfo_AI,HighInfo_AI,1.0,C2,C2_REUSE_ORDER,ResourceReuse,ANSWER,2,0>1>2>3,1,2026-09-21 01:52:59.164,11.305,7.836,0,0,1,High,1,3>1>2>0,0,2,0>1>2>3,1,3.469,11.305,0,0,1,1
2026-09-21 01:53:10.876,TEST001,HighInfo_AI,HighInfo_AI,1.0,C2,C2_REUSE_ORDER,ResourceReuse,FEEDBACK,2,C2_REUSE_ORDER_CORRECT,,2026-09-21 01:52:59.164,11.711,0.000,0,0,1,High,2,3>1>2>0,0,2,0>1>2>3,1,3.469,11.305,0,0,1,2
2026-09-21 01:53:10.897,TEST001,HighInfo_AI,HighInfo_AI,1.0,C2,C2_REUSE_ORDER,ResourceReuse,TASK_COMPLETE,2,,,2026-09-21 01:52:59.164,11.712,0.000,0,0,1,High,2,3>1>2>0,0,2,0>1>2>3,1,3.469,11.305,0,0,1,2
2026-09-21 01:53:13.831,TEST001,HighInfo_AI,HighInfo_AI,1.0,C2,C2_REUSE_CASE,ResourceReuse,TASK_START,0,,,2026-09-21 01:53:13.830,0.000,0.000,0,0,0,,0,,,0,,,,,0,0,0,0
2026-09-21 01:53:14.621,TEST001,HighInfo_AI,HighInfo_AI,1.0,C2,C2_REUSE_CASE,ResourceReuse,ANSWER,1,B,1,2026-09-21 01:53:13.830,0.790,0.790,0,0,0,,0,B,1,1,B,1,0.790,0.790,0,0,0,0
2026-09-21 01:53:14.644,TEST001,HighInfo_AI,HighInfo_AI,1.0,C2,C2_REUSE_CASE,ResourceReuse,FEEDBACK,1,C2_REUSE_CASE_CORRECT,,2026-09-21 01:53:13.830,0.792,0.000,0,0,1,High,1,B,1,1,B,1,0.790,0.790,0,0,1,1
2026-09-21 01:53:14.663,TEST001,HighInfo_AI,HighInfo_AI,1.0,C2,C2_REUSE_CASE,ResourceReuse,TASK_COMPLETE,1,,,2026-09-21 01:53:13.830,0.814,0.000,0,0,1,High,1,B,1,1,B,1,0.790,0.790,0,0,1,1
2026-09-21 01:53:33.589,TEST001,HighInfo_AI,HighInfo_AI,1.0,C2,C2_DETECTOR,SharingBoundary,TASK_START,0,,,2026-09-21 01:53:33.588,0.000,0.000,0,0,0,,0,,,0,,,,,0,0,0,0
2026-09-21 01:53:37.481,TEST001,HighInfo_AI,HighInfo_AI,1.0,C2,C2_DETECTOR,SharingBoundary,FEEDBACK,0,C2_DETECTOR_CLUE_WRONG,,2026-09-21 01:53:33.588,3.893,0.000,0,0,1,High,1,,,0,,,,,0,0,1,1
2026-09-21 01:53:45.391,TEST001,HighInfo_AI,HighInfo_AI,1.0,C2,C2_DETECTOR,SharingBoundary,ANSWER,1,A,0,2026-09-21 01:53:33.588,11.802,11.802,0,0,1,High,1,A,0,1,A,0,11.802,,0,0,1,1
2026-09-21 01:53:45.406,TEST001,HighInfo_AI,HighInfo_AI,1.0,C2,C2_DETECTOR,SharingBoundary,FEEDBACK,1,C2_DETECTOR_CASE_WRONG,,2026-09-21 01:53:33.588,11.803,0.000,0,0,1,High,2,A,0,1,A,0,11.802,,0,0,1,2
2026-09-21 01:53:49.766,TEST001,HighInfo_AI,HighInfo_AI,1.0,C2,C2_DETECTOR,SharingBoundary,ANSWER,2,B,1,2026-09-21 01:53:33.588,16.178,4.375,0,0,1,High,2,A,0,2,B,1,11.802,16.178,0,0,1,2
2026-09-21 01:53:50.768,TEST001,HighInfo_AI,HighInfo_AI,1.0,C2,C2_DETECTOR,SharingBoundary,FEEDBACK,2,C2_DETECTOR_CASE_CORRECT,,2026-09-21 01:53:33.588,17.179,0.000,0,0,1,High,3,A,0,2,B,1,11.802,16.178,0,0,1,3
2026-09-21 01:53:50.841,TEST001,HighInfo_AI,HighInfo_AI,1.0,C2,C2_DETECTOR,SharingBoundary,TASK_COMPLETE,2,,,2026-09-21 01:53:33.588,17.253,0.000,0,0,1,High,3,A,0,2,B,1,11.802,16.178,0,0,1,3
2026-09-21 01:53:50.862,TEST001,HighInfo_AI,HighInfo_AI,1.0,C2,C2_REFLECTION,Reflection,TASK_START,0,,,2026-09-21 01:53:50.841,0.000,0.000,0,0,0,,0,,,0,,,,,0,0,0,0
2026-09-21 01:58:29.007,TEST001,HighInfo_AI,HighInfo_AI,1.0,C2,C2_REFLECTION,Reflection,ANSWER,1,PLAN_C,1,2026-09-21 01:53:50.841,-72.466,-72.466,0,0,0,,0,PLAN_C,1,1,PLAN_C,1,-72.466,-72.466,0,0,0,0
2026-09-21 01:58:29.026,TEST001,HighInfo_AI,HighInfo_AI,1.0,C2,C2_REFLECTION,Reflection,TASK_COMPLETE,1,,,2026-09-21 01:53:50.841,-72.462,0.000,0,0,0,,0,PLAN_C,1,1,PLAN_C,1,-72.466,-72.466,0,0,0,0
2026-09-21 01:58:35.263,TEST001,HighInfo_AI,HighInfo_AI,1.0,C2,C2_SCALE_REASON,GameplayDecision,TASK_START,0,,,2026-09-21 01:58:35.262,0.000,0.000,0,0,0,,0,,,0,,,,,0,0,0,0
2026-09-21 01:58:38.926,TEST001,HighInfo_AI,HighInfo_AI,1.0,C2,C2_SCALE_REASON,GameplayDecision,ANSWER,1,REASONS:4,0,2026-09-21 01:58:35.262,3.664,3.664,0,0,0,,0,REASONS:4,0,1,REASONS:4,0,3.664,,0,0,0,0
2026-09-21 01:58:42.567,TEST001,HighInfo_AI,HighInfo_AI,1.0,C2,C2_SCALE_REASON,GameplayDecision,ANSWER,2,REASONS:4,0,2026-09-21 01:58:35.262,7.305,3.641,0,0,0,,0,REASONS:4,0,2,REASONS:4,0,3.664,,0,0,0,0
2026-09-21 01:58:51.723,TEST001,HighInfo_AI,HighInfo_AI,1.0,C2,C2_SCALE_REASON,GameplayDecision,ANSWER,3,REASONS:1|2,1,2026-09-21 01:58:35.262,16.460,9.155,0,0,0,,0,REASONS:4,0,3,REASONS:1|2,1,3.664,16.460,0,0,0,0
2026-09-21 02:00:55.592,TEST001,HighInfo_AI,HighInfo_AI,1.0,C2,C2_SCALE_REASON,GameplayDecision,TASK_START,0,,,2026-09-21 02:00:55.590,0.000,0.000,0,0,0,,0,,,0,,,,,0,0,0,0
2026-09-21 02:00:58.229,TEST001,HighInfo_AI,HighInfo_AI,1.0,C2,C2_SCALE_REASON,GameplayDecision,ANSWER,1,REASONS:5,0,2026-09-21 02:00:55.590,2.637,2.637,0,0,0,,0,REASONS:5,0,1,REASONS:5,0,2.637,,0,0,0,0
2026-09-21 02:02:00.338,TEST001,HighInfo_AI,HighInfo_AI,1.0,C2,C2_SCALE_REASON,GameplayDecision,TASK_START,0,,,2026-09-21 02:02:00.336,0.000,0.000,0,0,0,,0,,,0,,,,,0,0,0,0
2026-09-21 02:02:01.796,TEST001,HighInfo_AI,HighInfo_AI,1.0,C2,C2_SCALE_REASON,GameplayDecision,ANSWER,1,REASONS:2,0,2026-09-21 02:02:00.336,1.460,1.460,0,0,0,,0,REASONS:2,0,1,REASONS:2,0,1.460,,0,0,0,0
2026-09-21 02:02:19.075,TEST001,HighInfo_AI,HighInfo_AI,1.0,C2,C2_SCALE_REASON,GameplayDecision,ANSWER,2,PLAN_C,1,2026-09-21 02:02:00.336,-7.208,-8.668,0,0,0,,0,REASONS:2,0,2,PLAN_C,1,1.460,-7.208,0,0,0,0
2026-09-21 02:02:19.094,TEST001,HighInfo_AI,HighInfo_AI,1.0,C2,C2_SCALE_REASON,GameplayDecision,TASK_COMPLETE,2,,,2026-09-21 02:02:00.336,-7.207,0.000,0,0,0,,0,REASONS:2,0,2,PLAN_C,1,1.460,-7.208,0,0,0,0
2026-09-21 02:02:25.913,TEST001,HighInfo_AI,HighInfo_AI,1.0,C2,C2_SCALE_REASON,GameplayDecision,TASK_START,0,,,2026-09-21 02:02:25.912,0.000,0.000,0,0,0,,0,,,0,,,,,0,0,0,0
2026-09-21 02:02:27.778,TEST001,HighInfo_AI,HighInfo_AI,1.0,C2,C2_SCALE_REASON,GameplayDecision,ANSWER,1,REASONS:2,0,2026-09-21 02:02:25.912,1.866,1.866,0,0,0,,0,REASONS:2,0,1,REASONS:2,0,1.866,,0,0,0,0
2026-09-21 02:02:35.616,TEST001,HighInfo_AI,HighInfo_AI,1.0,C2,C2_SCALE_REASON,GameplayDecision,ANSWER,2,REASONS:1|2,1,2026-09-21 02:02:25.912,9.704,7.838,0,0,0,,0,REASONS:2,0,2,REASONS:1|2,1,1.866,9.704,0,0,0,0
2026-09-21 02:02:39.085,TEST001,HighInfo_AI,HighInfo_AI,1.0,C2,C2_SCALE_REASON,GameplayDecision,TASK_COMPLETE,2,,,2026-09-21 02:02:25.912,13.173,0.000,0,0,0,,0,REASONS:2,0,2,REASONS:1|2,1,1.866,9.704,0,0,0,0
